STATE,YEAR_ST_CASE,ST_CASE,VE_TOTAL,PEDS,PERSONS,COUNTY,CITY,DAY,MONTH,YEAR,DAY_WEEK,HOUR,MINUTE,ROUTE,TWAY_ID,TWAY_ID2,LATITUDE,LONGITUD,HARM_EV,MAN_COLL,RELJCT2,TYP_INT,WRK_ZONE,REL_ROAD,LGT_COND,WEATHER,FATALS,DRUNK_DR
48,2015480342,480342,1,1,1,347,4810,19,2,2015,5,18,32,6,SANDERS ST,,31.60683333,-94.6638,8,0,1,1,0,1,3,1,1,1
48,2015480343,480343,1,0,1,13,0,20,2,2015,6,18,37,4,CR-OLD PLEASANTON RD,,29.13335,-98.4973,11,0,1,1,0,1,2,1,1,0
48,2015480344,480344,1,0,1,157,6660,20,2,2015,6,5,38,8,UA-90,FM 1876 ELDRIDGE RD,29.62324444,-95.6189,33,0,3,2,0,3,3,1,1,1
48,2015480345,480345,1,0,2,201,0,20,2,2015,6,2,0,4,CR-RHODES RD,,30.06288056,-95.4962,34,0,1,1,0,4,6,10,1,1
48,2015480346,480346,1,1,1,201,3280,20,2,2015,6,12,45,6,BELLFORT ST,,29.67345556,-95.2904,8,0,1,1,0,1,1,10,1,0
48,2015480347,480347,1,1,1,201,3280,20,2,2015,6,13,38,6,BLALOCK RD,WESTVIEW DR,29.79327778,-95.5221,8,0,3,2,0,1,1,10,1,0
48,2015480348,480348,1,0,1,295,0,20,2,2015,6,8,45,3,SR-23,,36.30265556,-100.529,1,0,1,1,0,4,1,1,1,0
48,2015480349,480349,1,0,1,143,0,21,2,2015,7,8,50,3,SR-6,,32.05017778,-98.1608,35,0,1,1,0,4,1,1,1,1
48,2015480350,480350,1,0,1,201,3280,21,2,2015,7,2,30,6,ALDINE WESTFIELD RD,,30.01213333,-95.3754,1,0,1,1,0,4,2,1,1,1
48,2015480351,480351,1,0,3,215,0,21,2,2015,7,21,42,4,CR-CURVE RD,,26.28331944,-98.0962,52,0,1,1,0,4,2,1,1,1
48,2015480352,480352,1,0,1,405,0,21,2,2015,7,16,30,3,SR-21,,31.51086111,-94.2428,42,0,1,1,0,4,1,2,1,0
48,2015480353,480353,2,0,2,419,0,21,2,2015,7,18,40,2,US-96,,31.87051389,-94.2101,12,6,1,1,0,1,2,10,1,0
48,2015480354,480354,2,0,3,455,0,21,2,2015,7,17,35,8,FM 357,,31.23980278,-95.0052,14,0,1,1,0,4,1,10,1,0
48,2015480355,480355,1,0,1,13,0,22,2,2015,1,20,6,8,FM 1099,,28.73488889,-98.2337,1,0,1,1,0,4,2,10,1,0
48,2015480356,480356,4,0,2,29,6090,22,2,2015,1,20,40,6,UHR LN,BELL RD,29.55949444,-98.4023,12,6,2,2,0,1,2,10,1,0
48,2015480357,480357,1,0,3,135,0,22,2,2015,1,21,19,2,US-385,,32.03045556,-102.433,1,0,1,1,0,4,2,3,1,0
48,2015480358,480358,1,0,3,189,0,22,2,2015,1,13,49,1,I-27,,33.87156667,-101.854,1,0,1,1,0,3,1,10,1,0
48,2015480359,480359,1,0,1,201,0,22,2,2015,1,3,49,4,CR-VETERANS MEMORIAL DR,,29.97611389,-95.4895,32,0,1,1,0,4,3,10,1,0
48,2015480360,480360,1,1,1,325,0,22,2,2015,1,22,22,7,I-35,,29.2065,-98.8139,8,0,1,1,0,1,2,1,1,0
48,2015480361,480361,1,0,2,329,4560,22,2,2015,1,16,1,3,SR-191 ANDREWS HWY,,31.98775833,-102.195,1,0,1,1,0,10,1,3,1,0
48,2015480362,480362,1,0,1,361,0,22,2,2015,1,3,30,4,CR-BAILEY RD/OLD FERRY RD,,29.98970556,-93.8494,1,0,1,1,0,4,2,10,1,1
48,2015480363,480363,2,0,3,491,330,22,2,2015,1,6,13,8,FM734 PARMER LN,,30.41588889,-97.6962,12,1,1,1,0,1,3,10,1,0
48,2015480364,480364,2,0,2,113,1190,23,2,2015,2,4,18,3,SR-190 PRES GEORGE BUSH TPKE,,32.94724444,-96.9276,14,0,1,1,0,2,2,3,1,0
48,2015480365,480365,2,0,2,375,0,23,2,2015,2,14,35,8,FM2575 8TH AVE,FM1912 MASTERSON RD,35.2219,-101.654,12,6,2,2,0,1,1,10,1,0
48,2015480366,480366,1,0,1,15,0,24,2,2015,3,16,44,7,I-10,,29.75284444,-96.2722,1,0,19,1,0,4,1,10,1,0
48,2015480367,480367,1,0,2,115,0,24,2,2015,3,8,27,8,FM2370,FM1210,32.88999167,-101.814,1,0,3,3,0,4,1,1,1,0
48,2015480368,480368,1,0,1,223,0,24,2,2015,3,17,36,3,SR-19/154,,33.30622222,-95.5852,42,0,1,1,0,4,1,10,1,0
48,2015480369,480369,1,0,1,483,0,24,2,2015,3,12,0,3,SR-152,,35.51940833,-100.531,42,0,1,1,0,4,1,1,1,0
48,2015480370,480370,1,0,1,113,3420,25,2,2015,4,12,20,6,WALNUT HILL LN,,32.86980556,-96.9711,42,0,1,1,0,4,1,1,1,0
48,2015480371,480371,2,0,3,121,1840,25,2,2015,4,18,40,8,FM 426/MCKINNEY ST,AUDRA/WOODROW LN,33.21565556,-97.1119,12,6,2,2,0,1,5,10,1,0
48,2015480372,480372,2,0,3,201,3280,25,2,2015,4,2,34,7,I-10/EAST FWY,,29.76998611,-95.2168,12,7,1,1,0,1,3,2,1,1
48,2015480373,480373,1,0,1,203,0,25,2,2015,4,20,50,8,FM 1997,,32.6217,-94.3955,31,0,1,1,0,4,2,10,1,0
48,2015480374,480374,2,0,2,499,0,25,2,2015,4,9,20,3,SR-11,,32.95178889,-95.153,12,2,1,1,0,1,1,4,1,0
48,2015480375,480375,2,0,2,201,3280,27,2,2015,6,23,10,6,HARDY TOLL RD,,29.8287,-95.3536,45,0,1,1,1,5,3,1,1,1
48,2015480376,480376,1,0,5,21,0,28,2,2015,7,0,5,2,US-290,,30.33404722,-97.3594,1,0,1,1,0,4,2,10,2,1
48,2015480377,480377,1,0,2,29,6090,28,2,2015,7,3,48,8,FM 1957/POTRANCO RD,,29.43643056,-98.6852,30,0,1,1,0,4,3,2,1,1
48,2015480379,480379,2,0,6,201,0,28,2,2015,7,12,0,8,BU-90/BEAUMONT HWY,,29.84343889,-95.1845,12,7,1,1,0,1,1,10,1,0
48,2015480380,480380,2,2,2,355,1550,19,1,2015,2,22,1,1,I-37,,27.83938333,-97.5558,8,0,1,1,0,1,2,4,1,0
48,2015480381,480381,2,0,2,439,260,20,1,2015,3,16,30,6,ARKANSAS LN,PANORAMA CT,32.70691944,-97.1698,12,6,2,3,0,1,1,1,1,0
48,2015480383,480383,2,0,2,73,3470,27,1,2015,3,11,15,2,US-69 JACKSON ST,,31.94911111,-95.2617,12,2,1,1,0,1,1,1,1,0
48,2015480384,480384,1,1,1,113,1730,27,1,2015,3,18,30,6,PEAVY RD,,32.80808611,-96.6854,8,0,1,1,0,1,2,1,1,0
48,2015480385,480385,1,0,2,39,0,30,1,2015,6,0,20,4,CR-203 LIVERPOOL-HOSKINS RD,,29.28737778,-95.2737,35,0,1,1,0,4,2,1,1,1
48,2015480386,480386,2,0,8,473,0,30,1,2015,6,11,50,8,FM1488,,30.16209722,-95.8984,12,6,8,1,0,1,1,1,1,0
48,2015480387,480387,1,0,1,113,1730,31,1,2015,7,20,16,8,SL12 NORTHWEST HWY,,32.86354722,-96.8464,30,0,1,1,0,4,3,2,1,1
48,2015480388,480388,1,0,6,453,0,31,1,2015,7,16,16,8,FM973,,30.36025556,-97.5325,1,0,1,1,0,4,1,2,1,0
48,2015480389,480389,2,0,3,177,2720,10,1,2015,7,19,53,8,UA90 SARAH DEWITT DR,ST PAUL ST,29.51688333,-97.4583,12,6,2,2,0,1,3,2,1,1
48,2015480390,480390,2,0,7,135,0,25,1,2015,1,6,39,8,FM2020 UNIVERSITY BLVD,,31.84323056,-102.491,12,2,1,1,0,1,2,1,1,0
48,2015480391,480391,2,0,2,201,3280,30,1,2015,6,0,13,6,LOCKWOOD DR,,29.81228889,-95.3172,33,0,1,1,0,3,3,1,1,1
48,2015480392,480392,1,1,1,355,1550,30,1,2015,6,19,3,3,SR-358,,27.74601111,-97.4487,8,0,1,1,0,1,3,10,1,0
48,2015480393,480393,1,0,4,53,0,5,2,2015,5,22,31,4,CR-120,,30.64360278,-98.3415,38,0,1,1,0,5,2,1,2,0
48,2015480394,480394,2,0,4,167,2570,6,2,2015,6,19,16,3,SR-87 AVE J,53RD ST,29.291125,-94.8264,12,6,2,2,0,1,1,1,1,0
48,2015480395,480395,1,0,1,487,0,11,2,2015,4,17,35,8,FM924,,34.29779167,-99.2611,1,0,1,1,0,4,1,1,1,0
48,2015480396,480396,1,1,2,29,6090,13,2,2015,6,20,11,6,PLEASANTON RD,AMBER PL,29.34470278,-98.5039,8,0,2,2,0,1,3,1,1,0
48,2015480397,480397,1,1,1,215,0,15,2,2015,1,0,20,4,CR-VALDEZ RD,,26.37535278,-98.0049,8,0,1,1,0,1,2,1,1,1
48,2015480398,480398,2,0,3,183,4080,17,2,2015,3,23,10,6,LILLY ST,,32.46108056,-94.7085,12,7,1,1,0,1,2,1,1,1
48,2015480399,480399,1,1,1,439,4965,17,2,2015,3,21,5,3,SR-26 GRAPEVINE HWY,,32.85497222,-97.1871,8,0,1,1,0,1,3,1,1,0
48,2015480400,480400,1,0,2,201,3280,18,2,2015,4,21,5,6,HIDALGO ST,,29.73535278,-95.4743,33,0,1,1,0,3,3,1,1,1
48,2015480401,480401,1,0,1,481,0,18,2,2015,4,9,0,8,UA90,,29.53069167,-96.1153,1,0,1,1,0,4,1,1,1,0
48,2015480402,480402,2,0,3,61,0,21,2,2015,7,18,58,8,FM106,,26.22780833,-97.542,12,6,1,1,0,1,3,1,1,1
48,2015480403,480403,1,0,1,183,0,21,2,2015,7,7,31,8,FM2204 STONE RD,,32.38211667,-94.7874,42,0,1,1,0,4,1,2,1,0
48,2015480404,480404,2,0,2,423,0,21,2,2015,7,23,5,2,US-271,,32.50501111,-95.0091,12,2,1,1,0,1,2,10,1,0
48,2015480405,480405,2,0,4,227,0,22,2,2015,1,22,3,2,US-87,,32.19684722,-101.475,42,0,1,1,0,4,2,3,2,0
48,2015480406,480406,3,0,3,329,0,22,2,2015,1,15,34,7,BI20E,,31.92533056,-102.211,12,1,1,1,0,1,1,10,1,1
48,2015480407,480407,3,0,5,215,4197,23,2,2015,2,7,7,8,FM2220 WARE RD,LARK AVE,26.26287778,-98.2521,12,1,3,2,0,1,1,2,1,0
48,2015480408,480408,1,1,1,289,0,23,2,2015,2,5,40,2,US-79,,31.31999444,-96.2059,8,0,1,1,0,1,2,2,1,0
48,2015480409,480409,1,0,2,317,0,23,2,2015,2,8,13,3,SR-137,,32.34683056,-101.872,1,0,1,1,0,4,1,10,1,0
48,2015480410,480410,1,0,1,453,330,23,2,2015,2,1,17,7,I-35,,30.33205,-97.704,30,0,1,1,0,4,2,1,1,1
48,2015480411,480411,2,0,2,127,0,24,2,2015,3,18,2,8,SL 517,,28.55106944,-99.8643,12,2,1,1,0,1,1,10,1,0
48,2015480412,480412,2,0,2,373,0,24,2,2015,3,5,34,2,US-59,,30.75505,-94.9124,12,1,1,1,0,1,2,10,2,0
48,2015480413,480413,1,0,1,149,0,25,2,2015,4,16,29,2,US-77,,29.72535,-96.903,32,0,1,1,0,4,1,10,1,0
48,2015480414,480414,1,1,1,201,0,25,2,2015,4,21,10,4,CR-COVE HOLLOW DR,,29.75691111,-95.7606,8,0,8,1,0,1,3,1,1,0
48,2015480415,480415,2,0,2,329,9997,25,2,2015,4,8,10,3,SR-191,,31.92877778,-102.285,12,6,1,1,0,1,1,1,1,0
48,2015480416,480416,1,0,5,173,0,27,2,2015,6,20,15,3,SR-137,,31.8364,-101.693,38,0,1,1,0,5,2,4,1,0
48,2015480417,480417,2,0,2,367,0,27,2,2015,6,9,0,1,I-20,,32.70831111,-97.9384,12,2,1,1,0,1,1,4,1,0
48,2015480418,480418,1,0,2,367,0,28,2,2015,7,21,22,2,US-180/MINERAL WELLS HWY,,32.7916,-97.9506,23,0,1,1,0,4,2,2,1,0
48,2015480419,480419,2,0,3,145,0,11,1,2015,1,18,55,3,SR-6,CR-118,31.44338889,-96.9233,12,6,2,3,0,1,2,1,1,0
48,2015480420,480420,2,1,2,453,330,11,2,2015,4,2,46,8,SL 275/LAMAR BLVD,LONGSPUR BLVD,30.36736389,-97.6946,8,0,3,3,0,1,3,1,1,0
48,2015480421,480421,1,0,1,475,0,23,2,2015,2,10,38,3,SR-18,,31.30628056,-102.875,1,0,1,1,0,4,1,10,1,0
48,2015480422,480422,1,0,3,121,1190,27,2,2015,6,9,45,3,SR-190/PRESIDENT GEORGE BUSH,,32.99773056,-96.8588,51,0,1,1,0,1,1,4,1,0
48,2015480423,480423,2,0,2,37,0,1,3,2015,1,7,35,2,US-67/7TH ST/REDWATER BLVD,,33.3707,-94.2359,12,2,1,1,0,1,1,2,2,1
48,2015480424,480424,1,0,1,133,0,1,3,2015,1,21,50,1,I-20,,32.37508056,-99.0151,1,0,1,1,0,4,2,2,1,0
48,2015480425,480425,2,1,2,201,0,1,3,2015,1,20,0,4,CR-SPEARS RD,,29.96481111,-95.4607,8,0,1,1,0,1,2,10,1,0
48,2015480426,480426,2,0,2,201,3280,1,3,2015,1,5,24,3,SR-35/TELEPHONE RD,BELLFORT AVE,29.67308056,-95.2892,12,1,3,2,0,1,3,2,1,1
48,2015480427,480427,2,0,6,287,0,1,3,2015,1,11,31,3,SR-21,,30.24628889,-96.9897,12,6,1,1,0,1,1,10,2,0
48,2015480428,480428,1,0,7,47,0,2,3,2015,2,18,45,8,FM 430,,26.91998056,-98.255,1,0,1,1,0,4,2,5,1,0
48,2015480429,480429,1,1,1,61,940,2,3,2015,2,7,48,8,FM 803/OLMITO NORTH RD,,26.03063333,-97.5308,8,0,1,1,0,1,3,2,1,0
48,2015480430,480430,1,0,1,213,0,2,3,2015,2,16,18,8,FM 59,,32.08043056,-95.936,1,0,1,1,1,4,1,2,1,0
48,2015480431,480431,2,0,2,439,3347,2,3,2015,2,12,34,3,SR-26 GRAPEVINE HWY,HURSTVIEW DR,32.8625,-97.1779,12,6,2,2,0,1,1,10,1,0
48,2015480432,480432,1,0,6,109,0,3,3,2015,3,13,24,1,I-10,,31.05644167,-104.572,1,0,1,1,0,3,1,1,1,0
48,2015480433,480433,2,0,2,187,0,3,3,2015,3,6,41,3,SR-123,FM1101,29.73985833,-97.951,12,1,3,3,0,1,4,5,1,0
48,2015480434,480434,1,0,4,261,0,3,3,2015,3,21,9,2,US-77,,27.08581111,-97.7902,1,0,1,1,0,4,2,1,1,0
48,2015480435,480435,1,0,1,439,260,3,3,2015,3,20,38,7,SR-360 WATSON RD,,32.74613889,-97.0622,43,0,1,1,0,8,3,10,1,1
48,2015480436,480436,2,0,5,469,0,3,3,2015,3,15,59,2,US-77 ZAC LENTZ PKWY,ENTERPRISE DR,28.78406667,-97.1,12,6,2,3,0,1,1,10,2,0
48,2015480437,480437,2,0,2,139,2240,4,3,2015,4,16,30,3,SR-34 ENNIS AVE,,32.331975,-96.6186,12,6,8,1,0,1,1,2,1,0
48,2015480438,480438,1,0,3,303,0,4,3,2015,4,0,38,2,US-87,,33.420925,-101.828,1,0,1,1,0,3,2,1,2,1
48,2015480439,480439,2,0,2,359,0,4,3,2015,4,8,52,1,I-40,,35.22578333,-102.329,12,1,1,1,0,1,1,3,1,0
48,2015480440,480440,2,0,7,423,0,4,3,2015,4,18,5,8,FM2493 OLD JACKSONVILLE HWY,,32.21226667,-95.348,12,2,1,1,0,1,2,2,2,1
48,2015480441,480441,2,0,3,453,0,4,3,2015,4,10,45,3,SR-71,,30.32905556,-98.0199,12,6,1,1,0,1,1,2,1,0
48,2015480442,480442,1,0,1,109,0,5,3,2015,5,19,39,2,US-62/180,,31.89208056,-104.82,42,0,1,1,0,4,2,1,1,0
48,2015480443,480443,2,0,4,157,5970,5,3,2015,5,1,18,7,I-69,SR-36,29.53166389,-95.8084,12,6,2,4,0,1,3,2,2,0
48,2015480444,480444,2,0,3,67,0,6,3,2015,6,12,52,3,SR-11,,32.99482778,-94.5926,12,2,8,1,0,1,1,1,1,0
48,2015480445,480445,7,0,2,141,2190,6,3,2015,6,1,47,8,FM659 ZARAGOZA,,31.72531111,-106.303,12,2,1,1,0,1,3,1,1,1
48,2015480446,480446,2,0,6,201,3280,6,3,2015,6,17,34,6,VICTORY DR,BANJO ST,29.87080556,-95.4149,12,6,2,2,0,1,1,1,1,0
48,2015480447,480447,1,0,1,201,3328,6,3,2015,6,4,15,6,VOSS RD,,29.77433333,-95.5012,33,0,1,1,0,4,2,1,1,0
48,2015480448,480448,2,0,8,363,0,6,3,2015,6,17,25,3,SR-337,,32.89898333,-98.2238,12,6,1,1,0,1,1,1,2,0
48,2015480449,480449,2,0,3,371,0,6,3,2015,6,0,50,1,I-10,,30.88212222,-102.681,12,2,1,1,0,1,2,1,1,1
48,2015480450,480450,2,0,2,381,150,6,3,2015,6,16,23,6,34TH AVE,TYLER ST,35.17842222,-101.842,12,6,2,2,0,1,1,1,1,0
48,2015480451,480451,2,0,2,27,3690,7,3,2015,7,4,13,3,SR-195/FT HOOD ST,,31.06106389,-97.7657,12,2,18,1,0,1,2,1,1,1
48,2015480452,480452,1,0,2,29,6090,7,3,2015,7,7,47,6,MISSION RD,,29.38018056,-98.4896,33,0,1,1,0,4,1,1,1,1
48,2015480453,480453,3,0,6,183,0,7,3,2015,7,19,3,3,SR-31,,32.44341944,-94.8171,12,8,1,1,0,1,5,1,2,0
48,2015480454,480454,2,0,2,201,0,7,3,2015,7,6,35,4,CR-MOUNT HOUSTON RD,,29.89131944,-95.2878,12,2,1,1,0,1,1,10,1,1
48,2015480455,480455,1,0,2,439,2450,7,3,2015,7,2,13,8,BU-287/MAIN ST,,32.90106944,-97.3994,99,0,1,1,0,4,2,1,1,1
48,2015480456,480456,2,0,2,471,0,7,3,2015,7,16,12,1,I-45,,30.60953056,-95.506,14,0,1,1,0,4,1,1,1,0
48,2015480457,480457,2,0,5,5,0,8,3,2015,1,0,20,2,US-69,,31.3789,-94.7671,12,2,1,1,0,1,2,1,2,0
48,2015480458,480458,1,0,1,21,0,8,3,2015,1,7,31,3,SR-21,,30.15818056,-97.2142,32,0,1,1,0,4,2,2,1,1
48,2015480459,480459,2,0,5,201,0,8,3,2015,1,19,16,3,SR-249/TOMBALL PKWY,,29.92054722,-95.4949,14,0,8,1,0,4,2,10,1,0
48,2015480460,480460,1,0,2,249,0,8,3,2015,1,6,6,2,US-281/BROADWAY ST,,27.34186944,-98.1259,1,0,1,1,0,3,2,2,2,1
48,2015480461,480461,2,0,4,347,4810,8,3,2015,1,13,50,2,US-59/SL224 STALLINGS DR,SANDIA ST,31.61690278,-94.6835,12,6,2,3,0,1,1,2,1,0
48,2015480462,480462,2,0,2,27,0,9,3,2015,2,14,17,8,FM2484,,31.000475,-97.6014,12,6,1,1,0,1,1,2,1,0
48,2015480463,480463,1,0,2,105,0,9,3,2015,2,8,5,3,SR-163,,30.94795556,-101.167,38,0,1,1,0,5,4,5,1,0
48,2015480464,480464,1,1,1,201,0,9,3,2015,2,6,35,4,CR-FREEPORT ST,,29.77376111,-95.1779,8,0,1,1,1,1,2,2,1,0
48,2015480465,480465,3,1,7,201,7286,9,3,2015,2,20,40,3,SR-3 GALVESTON RD,,29.526825,-95.1079,8,0,1,1,0,1,2,2,1,0
48,2015480466,480466,1,1,1,245,5430,9,3,2015,2,7,0,8,FM365 PEEK RD,TARA LN,29.95930556,-93.9819,8,0,3,2,0,1,3,10,1,0
48,2015480467,480467,2,0,2,289,0,9,3,2015,2,11,39,8,FM-39,,31.09435833,-96.1258,12,8,1,1,0,1,1,2,1,0
48,2015480468,480468,2,0,2,361,0,9,3,2015,2,6,0,3,SR-62/73 DORMAN RD,,30.10983611,-93.8208,12,6,8,1,0,1,2,2,1,0
48,2015480469,480469,2,0,1,113,1730,10,3,2015,3,12,8,6,LAMAR ST,,32.74625,-96.7623,14,0,1,1,0,2,1,10,1,1
48,2015480470,480470,3,0,7,201,0,10,3,2015,3,19,41,4,CR-GEARS RD,CR-T C JESTER BLVD,29.94597222,-95.455,12,6,2,2,0,1,3,10,2,0
48,2015480471,480471,1,0,2,201,5230,10,3,2015,3,2,15,6,SOUTHMORE AVE,,29.69096944,-95.1947,33,0,1,1,0,8,3,1,1,0
48,2015480472,480472,2,0,2,57,0,11,3,2015,4,21,13,3,SR-35,,28.56042778,-96.7302,12,6,1,1,0,1,2,2,1,0
48,2015480473,480473,1,0,1,113,1730,11,3,2015,4,8,48,6,INWOOD RD,,32.88801389,-96.8209,41,0,1,1,0,4,1,10,1,0
48,2015480474,480474,2,0,4,161,0,11,3,2015,4,18,48,8,FM27,,31.74644722,-96.2567,12,6,1,1,0,1,1,10,2,0
48,2015480475,480475,2,0,2,361,7200,11,3,2015,4,17,48,8,FM105 MAIN ST,WEST CIRCLE RD,30.20549167,-94.0213,12,6,2,3,0,1,1,2,1,0
48,2015480476,480476,2,0,2,457,1458,11,3,2015,4,5,45,2,US-69,,30.90948889,-94.4226,12,2,1,1,0,1,1,1,1,0
48,2015480477,480477,1,0,3,471,0,11,3,2015,4,5,21,8,FM247,,30.90335833,-95.6816,18,0,1,1,0,1,2,8,1,0
48,2015480478,480478,2,0,2,187,6290,12,3,2015,5,9,26,3,SR-46,,29.61386111,-98.0166,12,2,1,1,0,1,1,1,1,0
48,2015480480,480480,3,0,3,141,2190,13,3,2015,6,1,8,8,SL375 JOE BATTLE BLVD,,31.71079722,-106.276,12,1,1,1,0,1,3,1,1,1
48,2015480481,480481,2,0,4,29,6090,14,3,2015,7,0,45,6,PRESA ST,,29.36493056,-98.4687,12,2,1,1,0,1,3,1,1,1
48,2015480482,480482,1,1,2,29,6090,14,3,2015,7,22,5,8,SS 421 CULEBRA RD,WILLIAMS ST,29.44577222,-98.5314,8,0,3,3,0,1,3,1,1,0
48,2015480483,480483,2,0,3,449,4750,15,3,2015,1,11,41,2,US-271,FERGUSON RD,33.15123056,-94.9684,12,6,2,2,0,1,1,10,1,0
48,2015480484,480484,1,0,1,187,0,15,3,2015,1,20,40,8,FM 20,,29.65073333,-97.9087,38,0,1,1,0,4,2,1,1,0
48,2015480485,480485,1,1,1,201,3280,15,3,2015,1,6,26,7,SL 8 SAM HOUSTON S PKWY,,29.66271944,-95.5587,8,0,1,1,0,1,2,1,1,0
48,2015480486,480486,1,0,2,201,3280,15,3,2015,1,7,36,6,BRAESWOOD BLVD,,29.67951667,-95.4617,42,0,1,1,0,3,1,10,2,1
48,2015480487,480487,1,0,3,215,0,15,3,2015,1,17,48,2,US-281,,26.49320556,-98.134,1,0,1,1,0,4,1,2,1,1
48,2015480488,480488,1,0,1,287,0,15,3,2015,1,6,14,8,FM 180,,30.19831944,-96.7906,1,0,1,1,0,4,2,10,1,0
48,2015480489,480489,1,1,2,331,986,15,3,2015,1,20,37,2,US-190,,30.87308333,-97.125,59,0,1,1,0,4,2,10,1,0
48,2015480490,480490,1,1,1,453,330,15,3,2015,1,3,27,7,US- 183 ANDERSON LN,RIDGEPOINT DR,30.32845,-97.6767,8,0,3,3,0,1,2,1,1,0
48,2015480491,480491,1,0,2,43,0,8,2,2015,1,6,15,2,US-90,,30.1647,-102.673,1,0,1,1,0,4,2,1,1,1
48,2015480492,480492,2,0,4,445,0,15,2,2015,1,21,52,2,US-82/380,,33.18135,-102.355,12,1,1,1,0,1,2,10,1,1
48,2015480493,480493,1,0,2,453,330,15,2,2015,1,1,7,6,LOYOLA LN,,30.30318889,-97.6546,42,0,1,1,0,4,2,10,1,1
48,2015480494,480494,2,0,3,201,3280,18,2,2015,4,1,40,7,US-90/CROSBY FWY,NORMANDY ST,29.81761111,-95.2076,12,6,2,2,0,1,3,1,1,1
48,2015480495,480495,1,0,1,257,3590,19,2,2015,5,15,15,2,US-175,,32.58493333,-96.321,59,0,1,1,0,4,1,1,1,1
48,2015480496,480496,2,1,3,27,3027,21,2,2015,7,22,4,8,FM 2410/KNIGHTS WAY,,31.07409722,-97.6756,12,1,1,1,0,1,2,10,1,0
48,2015480497,480497,2,0,3,389,0,23,2,2015,2,10,20,1,I-20,,31.289,-103.826,12,7,1,1,0,1,1,3,1,0
48,2015480498,480498,1,0,1,201,3280,24,2,2015,3,23,40,1,I-69/EASTEX FWY,,29.83664722,-95.3338,1,0,1,1,0,10,3,2,1,1
48,2015480499,480499,2,0,7,507,0,26,2,2015,5,17,13,2,US-57,,28.94124722,-99.4981,12,2,1,1,0,1,1,10,5,0
48,2015480500,480500,1,1,1,201,0,28,2,2015,7,18,56,4,CR-FRY RD,CR-TEALBROOK DR,29.88351667,-95.7234,8,0,3,2,0,1,2,10,1,0
48,2015480501,480501,2,0,3,201,0,1,3,2015,1,15,30,8,FM1960,,30.00474444,-95.3006,12,2,1,1,0,1,1,10,1,0
48,2015480502,480502,2,0,2,461,0,1,3,2015,1,19,15,3,SR-349,,31.43965,-101.938,12,1,8,1,0,1,2,5,1,1
48,2015480503,480503,1,1,1,201,3280,3,3,2015,3,8,11,6,IRVINGTON BLVD,POST ST,29.82639167,-95.3613,8,0,3,2,0,1,1,5,1,0
48,2015480504,480504,1,0,1,305,0,4,3,2015,4,19,25,2,US-87,,33.37136667,-101.807,1,0,1,1,0,3,2,10,1,1
48,2015480505,480505,2,0,3,389,0,4,3,2015,4,0,0,2,US-285,,31.88225278,-103.95,12,1,8,1,0,1,2,2,1,0
48,2015480506,480506,1,1,1,27,6810,6,3,2015,6,20,8,8,FM1741 31ST ST,,31.05526944,-97.3749,8,0,1,1,0,1,3,1,1,0
48,2015480507,480507,1,0,1,7,5890,7,3,2015,7,12,6,8,BS35L,TWELFTH ST,27.99714167,-97.0731,1,0,8,1,0,1,1,1,1,0
48,2015480508,480508,1,0,2,317,0,7,3,2015,7,4,11,1,I-20,,32.14109722,-101.794,1,0,1,1,0,3,2,1,2,0
48,2015480509,480509,2,0,3,329,0,7,3,2015,7,6,58,8,FM1787,,31.70106667,-102.067,12,6,8,1,0,1,1,1,1,0
48,2015480510,480510,2,0,5,251,120,8,3,2015,1,1,23,2,US-67,,32.41063889,-97.253,12,2,1,1,0,1,2,1,3,1
48,2015480511,480511,1,1,1,303,4140,8,3,2015,1,0,57,6,AVE G,,33.5654,-101.843,8,0,1,1,0,1,2,1,1,0
48,2015480512,480512,1,0,1,201,5230,9,3,2015,2,21,55,6,SPENCER HWY,,29.66555833,-95.1596,33,0,1,1,0,4,3,2,1,0
48,2015480513,480513,1,1,1,201,0,10,3,2015,3,6,42,4,CR-VETERANS MEMORIAL DR,BLUE BELL RD,29.90416111,-95.4341,8,0,3,3,0,1,3,1,1,0