STATE,YEAR_ST_CASE,ST_CASE,VE_TOTAL,PEDS,PERSONS,COUNTY,CITY,DAY,MONTH,YEAR,DAY_WEEK,HOUR,MINUTE,ROUTE,TWAY_ID,TWAY_ID2,LATITUDE,LONGITUD,HARM_EV,MAN_COLL,RELJCT2,TYP_INT,WRK_ZONE,REL_ROAD,LGT_COND,WEATHER,FATALS,DRUNK_DR
48,2015480514,480514,1,0,1,113,4530,11,3,2015,4,3,10,1,I-30,,32.82715,-96.623,26,0,1,1,0,4,3,1,1,1
48,2015480515,480515,1,0,7,303,0,11,3,2015,4,18,19,4,CR-6900,,33.54873611,-101.991,1,0,1,1,0,4,1,1,1,1
48,2015480516,480516,2,0,2,143,0,12,3,2015,5,12,2,7,I-20,,32.50811389,-98.3969,12,2,1,1,0,1,1,1,1,0
48,2015480517,480517,1,0,3,259,0,12,3,2015,5,14,7,4,CR-SCENIC LP RD,,29.73532778,-98.7055,42,0,1,1,0,4,1,1,1,0
48,2015480518,480518,1,0,3,265,0,12,3,2015,5,20,55,1,I-10,,30.05401389,-99.0252,5,0,20,1,0,1,3,1,1,0
48,2015480519,480519,2,0,5,453,0,12,3,2015,5,20,11,7,SR-130 BOYCE LN,FM734 PARMER LN,30.35219722,-97.5915,12,6,2,2,0,1,2,1,1,0
48,2015480520,480520,1,0,1,113,1730,13,3,2015,6,16,10,1,I-35E R L THORNTON FWY,,32.67531111,-96.8227,33,0,1,1,0,4,1,1,1,0
48,2015480521,480521,1,0,3,113,3420,13,3,2015,6,3,36,8,SL 12/WALTON WALKER BLVD,SR-183/AIRPORT FWY,32.83718056,-96.9146,1,0,19,1,0,8,3,10,1,1
48,2015480522,480522,1,0,1,141,2190,13,3,2015,6,12,7,6,LEE TREVINO,GRAN VISTA,31.73645833,-106.326,33,0,3,3,0,3,1,1,1,0
48,2015480523,480523,1,1,8,201,3280,13,3,2015,6,7,8,6,BRAEBURN VALLEY DR,,29.68480556,-95.5176,8,0,1,1,0,1,2,1,1,0
48,2015480524,480524,3,0,4,13,0,14,3,2015,7,21,55,1,I-37,,28.7941,-98.3348,14,0,1,1,0,2,3,10,1,0
48,2015480525,480525,2,0,3,27,3690,14,3,2015,7,12,52,8,FM 3470/STAN SCHLUETER,BUNNY TRL,31.08548056,-97.785,12,6,2,3,0,1,1,1,1,0
48,2015480526,480526,1,0,1,157,3280,14,3,2015,7,16,25,6,PARK ROW,PARK LINE DR,29.78885,-95.6484,1,0,3,3,0,1,1,1,1,0
48,2015480527,480527,2,0,2,165,0,14,3,2015,7,20,41,8,FM 181,,32.69986944,-102.669,12,2,1,1,0,1,2,1,1,1
48,2015480529,480529,2,0,2,451,6080,14,3,2015,7,21,35,3,SR-208/ARMSTRONG ST,42ND ST,31.50289444,-100.437,12,6,2,3,0,1,3,1,2,1
48,2015480530,480530,3,0,4,453,3832,14,3,2015,7,15,4,8,RM 620,,30.35953056,-97.9542,12,2,1,1,0,1,1,1,3,0
48,2015480531,480531,2,0,3,21,460,15,3,2015,1,17,39,3,SR-21,,30.11051667,-97.4055,12,6,1,1,0,1,5,1,1,0
48,2015480532,480532,1,0,1,29,6090,15,3,2015,1,2,57,8,PA 1502 WURZBACH PKWY,,29.535125,-98.3957,25,0,1,1,0,4,3,1,1,1
48,2015480533,480533,2,0,2,61,3030,15,3,2015,1,18,44,8,SL 499,NEW COMBES,26.22391667,-97.7057,12,6,2,2,0,1,1,1,1,0
48,2015480534,480534,2,0,2,113,1730,15,3,2015,1,3,10,1,I-35 STEMMONS FWY,,32.80909722,-96.8453,25,0,1,1,0,3,3,1,1,1
48,2015480535,480535,1,1,1,113,1730,15,3,2015,1,8,20,6,SKILLMAN ST,,32.88039444,-96.735,8,0,1,1,0,1,1,10,1,0
48,2015480536,480536,1,0,2,135,0,15,3,2015,1,2,10,4,CR-GRISSOM AVE,SCHIRRA DR,31.74983889,-102.351,38,0,3,3,0,5,2,1,1,1
48,2015480537,480537,2,0,6,157,3280,15,3,2015,1,0,35,6,BELLFORT ST,,29.66103611,-95.6044,12,1,1,1,0,1,3,1,1,1
48,2015480538,480538,1,0,1,83,0,16,3,2015,2,8,40,2,US-84,FM 702,31.99059722,-99.5819,38,0,3,3,0,5,2,1,1,0
48,2015480539,480539,1,1,1,113,1730,16,3,2015,2,7,0,6,ILLINOIS AVE,,32.72040556,-96.909,8,0,1,1,0,1,3,10,1,0
48,2015480540,480540,2,0,2,173,0,16,3,2015,2,6,35,3,SR-158,,31.88999722,-101.714,12,1,1,1,1,1,2,1,1,0
48,2015480541,480541,3,1,3,187,6290,16,3,2015,2,23,14,1,I-10,,29.59733056,-97.9739,8,0,1,1,0,1,2,5,1,0
48,2015480542,480542,2,0,5,267,0,16,3,2015,2,7,15,1,I-10,,30.52091944,-99.8874,12,6,1,1,0,1,5,1,4,0
48,2015480543,480543,2,0,4,287,0,16,3,2015,2,14,22,2,US-290,,30.18506389,-96.9734,12,6,1,1,0,1,1,10,2,1
48,2015480544,480544,2,0,3,347,4810,16,3,2015,2,13,4,8,SL 224 STALLINGS DR,,31.65210556,-94.6643,12,6,1,1,0,1,1,1,1,0
48,2015480545,480545,2,0,2,167,6213,17,3,2015,3,16,55,8,FM 1764,,29.39106667,-95.081,12,2,1,1,0,1,1,10,1,0
48,2015480546,480546,1,1,1,201,0,17,3,2015,3,16,3,4,CR-CALI DR,,30.02140278,-95.442,8,0,8,1,0,1,1,1,1,0
48,2015480547,480547,2,0,2,201,0,17,3,2015,3,20,35,4,CR-BOUDREAUX RD,,30.04583056,-95.6315,12,6,8,1,0,1,2,10,1,0
48,2015480548,480548,2,0,2,251,1030,17,3,2015,3,22,57,8,RENFRO ST,,32.52765556,-97.2752,12,1,1,1,0,1,2,1,1,0
48,2015480549,480549,2,0,2,303,4140,17,3,2015,3,16,15,7,I-27,US-82 MARSHA SHARP FWY,33.59188333,-101.838,12,6,2,2,0,1,1,10,1,0
48,2015480550,480550,1,1,1,339,0,17,3,2015,3,21,50,1,I-45,,30.48334722,-95.4945,8,0,1,1,0,1,3,1,1,0
48,2015480551,480551,2,0,3,99,0,18,3,2015,4,5,30,2,US-84,,31.42701389,-97.6485,12,2,1,1,0,1,2,2,1,0
48,2015480552,480552,1,1,2,201,6970,18,3,2015,4,21,31,8,BS249B TOMBALL PKWY,,30.08586667,-95.6315,8,0,1,1,0,1,2,10,1,0
48,2015480553,480553,2,0,2,217,0,18,3,2015,4,10,56,1,I-35/US-77,,31.88341111,-97.083,24,0,1,1,1,4,1,2,1,0
48,2015480554,480554,1,0,1,347,0,18,3,2015,4,12,8,2,US-259,,31.83983333,-94.6817,42,0,1,1,0,4,1,2,1,0
48,2015480555,480555,1,0,1,453,0,18,3,2015,4,17,48,4,CR-BRADSHAW RD,,30.11581111,-97.782,30,0,1,1,0,4,1,1,1,1
48,2015480556,480556,1,1,1,113,1730,19,3,2015,5,22,20,1,I-635 LBJ FWY,,32.92378889,-96.7602,8,0,1,1,0,1,2,10,1,0
48,2015480557,480557,1,0,1,141,2190,19,3,2015,5,0,44,6,THORN AVE,,31.85763611,-106.568,42,0,1,1,0,4,3,1,1,0
48,2015480558,480558,1,1,1,201,0,19,3,2015,5,23,3,3,SR-6 OLD ADDICKS HOWELL RD,,29.68362222,-95.6436,9,0,1,1,0,1,2,10,1,0
48,2015480559,480559,2,0,2,283,0,19,3,2015,5,17,19,8,FM624,,28.43078611,-99.2097,12,2,1,1,0,1,1,10,1,0
48,2015480560,480560,1,0,2,375,150,19,3,2015,5,20,28,7,US-60,16TH AVE,35.19704444,-101.836,59,0,3,3,0,10,3,10,1,0
48,2015480561,480561,2,0,4,423,0,19,3,2015,5,17,56,3,SR-64,,32.26465278,-95.0868,12,6,1,1,1,1,1,2,1,0
48,2015480562,480562,3,0,4,471,3340,19,3,2015,5,12,24,1,I-45,,30.69974722,-95.5574,12,1,1,1,1,1,1,10,1,0
48,2015480563,480563,2,0,3,113,2310,20,3,2015,6,22,10,6,VALWOOD PKWY,WEBB CHAPEL RD,32.93875556,-96.8732,12,6,2,2,0,1,3,2,1,1
48,2015480564,480564,1,0,1,133,0,20,3,2015,6,8,15,3,SR-36,,32.09913056,-98.9174,1,0,1,1,0,4,1,2,1,0
48,2015480566,480566,2,0,5,181,0,20,3,2015,6,11,3,3,SR-289,,33.55431389,-96.7052,12,2,1,1,0,1,1,10,4,0
48,2015480567,480567,1,0,1,351,0,20,3,2015,6,2,20,3,SR-87,,30.34238056,-93.8053,42,0,1,1,0,4,2,5,1,0
48,2015480568,480568,2,0,3,381,150,20,3,2015,6,2,21,1,I-27 CANYON HWY,,35.17977222,-101.84,12,2,1,1,0,1,3,2,1,0
48,2015480569,480569,2,0,2,461,0,20,3,2015,6,5,25,3,SR-349,CR-117E,31.58775278,-101.969,12,6,2,3,0,1,2,2,1,0
48,2015480570,480570,1,0,1,29,6090,21,3,2015,7,2,14,7,I-10,,29.54726944,-98.5826,30,0,1,1,1,4,2,2,1,1
48,2015480571,480571,1,0,3,61,0,21,3,2015,7,5,55,8,FM 510,,26.13101111,-97.3904,42,0,1,1,0,4,2,10,1,1
48,2015480572,480572,1,0,1,185,0,21,3,2015,7,13,30,3,SR-90,,30.44759722,-96.0269,42,0,1,1,0,4,1,2,1,0
48,2015480573,480573,1,0,3,223,0,21,3,2015,7,5,35,3,SR-19,,33.21825278,-95.586,42,0,1,1,0,4,2,10,3,0
48,2015480574,480574,2,0,3,339,0,21,3,2015,7,6,12,1,I-45,,30.12585556,-95.4432,12,6,1,1,0,1,3,2,1,0
48,2015480575,480575,1,0,2,439,2450,21,3,2015,7,2,25,1,I-820,BU 287 P,32.83761667,-97.3111,24,0,5,1,0,4,3,2,2,1
48,2015480576,480576,3,0,4,29,6090,22,3,2015,1,16,14,1,I-10,,29.53682222,-98.5679,12,1,1,1,1,1,1,1,1,0
48,2015480577,480577,1,0,2,195,0,22,3,2015,1,23,55,8,FM 2387,,36.27958056,-101.255,1,0,1,1,0,4,2,1,2,0
48,2015480578,480578,2,0,3,201,0,22,3,2015,1,19,50,4,CR-VETERANS MEMORIAL DR,,29.94585833,-95.4664,12,6,8,1,0,1,5,1,1,0
48,2015480579,480579,1,1,1,339,0,22,3,2015,1,20,34,8,FM 1314,,30.10744444,-95.2583,8,0,1,1,0,1,2,1,1,0
48,2015480580,480580,1,1,1,113,1730,23,3,2015,2,21,55,6,SKILLMAN ST,,32.89278611,-96.7262,8,0,1,1,0,1,3,1,1,0
48,2015480581,480581,2,0,6,113,1730,17,3,2015,3,4,30,1,I-35 STEMMONS FWY,,32.79609444,-96.8152,12,6,1,1,0,1,3,10,2,0
48,2015480582,480582,1,1,1,231,2860,21,3,2015,7,3,20,1,I-30,,33.13096944,-96.0804,8,0,1,1,0,1,2,1,1,0
48,2015480583,480583,2,0,3,183,4080,23,3,2015,2,7,30,6,YOUNG ST,,32.48471389,-94.7249,12,2,1,1,0,1,1,1,1,0
48,2015480584,480584,2,0,3,201,3280,23,3,2015,2,1,50,6,NORTH HOUSTON ROSSLYN RD,WOODERN DR,29.87291944,-95.4929,12,6,2,3,0,1,3,1,1,2
48,2015480585,480585,2,0,2,213,0,23,3,2015,2,17,33,2,US-175 LOOP 7 RAMP,BU 175 E,32.18975833,-95.8138,12,6,2,2,0,1,1,1,1,0
48,2015480586,480586,2,0,2,297,0,23,3,2015,2,14,33,3,SR-72,,28.53526667,-98.0849,12,1,1,1,1,1,1,1,1,0
48,2015480587,480587,1,0,1,27,570,24,3,2015,3,6,0,1,I-35 RAMP,,31.01781667,-97.4817,1,0,20,1,1,1,2,1,1,0
48,2015480588,480588,1,0,1,29,0,24,3,2015,3,21,37,2,US-281,,29.20231667,-98.4791,11,0,1,1,0,1,2,10,1,0
48,2015480589,480589,2,0,2,97,2550,24,3,2015,3,11,57,1,I-35,,33.58741667,-97.1649,12,1,1,1,1,1,1,1,1,1
48,2015480590,480590,1,1,2,171,0,24,3,2015,3,12,18,1,I-10,,30.17625556,-99.2762,8,0,1,1,0,1,1,1,1,0
48,2015480591,480591,1,0,1,201,0,25,3,2015,4,0,15,4,CR-NUECES LANE,,30.09178889,-95.5072,38,0,1,1,0,5,3,10,1,1
48,2015480592,480592,3,0,6,277,0,25,3,2015,4,16,20,2,US-82,,33.6426,-95.6873,12,2,1,1,0,1,1,1,1,0
48,2015480593,480593,1,0,1,13,0,26,3,2015,5,11,53,1,I-37,,28.71163056,-98.2815,1,0,1,1,0,4,1,1,1,0
48,2015480595,480595,2,0,2,29,6090,27,3,2015,6,20,20,8,FM 2536/OLD PEARSALL RD,,29.32234167,-98.6462,12,6,1,1,0,1,2,1,1,1
48,2015480596,480596,2,0,3,39,0,27,3,2015,6,20,30,8,FM 523,CR-CAMPUS DR,29.20351111,-95.4165,12,1,3,3,0,1,3,1,1,1
48,2015480597,480597,1,0,1,59,0,27,3,2015,6,18,49,4,CR-250,,32.3577,-99.5757,42,0,1,1,0,4,1,1,1,0
48,2015480598,480598,1,0,3,403,0,27,3,2015,6,15,20,3,SR-87,,31.20421944,-93.7384,32,0,1,1,0,4,1,1,1,1
48,2015480599,480599,1,0,2,201,3280,27,3,2015,6,1,40,1,I-69/EASTEX FWY,,30.04092778,-95.2546,33,0,1,1,0,4,3,10,1,0
48,2015480600,480600,2,0,3,113,1730,29,3,2015,1,18,38,8,SL 12/BUCKNER BLVD,DIXIE LN,32.82086667,-96.6924,12,6,2,3,0,1,1,1,1,1
48,2015480601,480601,2,0,2,121,3560,29,3,2015,1,15,30,3,SR-114,,33.02880833,-97.3084,12,2,1,1,0,1,1,1,1,0
48,2015480602,480602,3,0,3,453,330,29,3,2015,1,1,17,1,I-35,,30.43058889,-97.6707,12,1,1,1,0,1,3,1,1,1
48,2015480603,480603,2,0,2,113,3420,30,3,2015,2,18,53,6,MACARTHUR BLVD,,32.78485556,-96.9598,12,7,1,1,0,1,2,1,1,1
48,2015480604,480604,2,0,2,201,0,30,3,2015,2,5,31,4,CR-LITTLE YORK RD,,29.86709167,-95.5797,12,2,1,1,0,1,2,1,1,0
48,2015480605,480605,2,0,2,439,2450,30,3,2015,2,6,35,2,US-81/287,FM156 BLUE MOUND RD,32.91640278,-97.3486,12,6,2,2,0,1,2,1,1,0
48,2015480606,480606,2,0,2,453,330,30,3,2015,2,6,50,8,FM2222,VAUGHT RANCH RD,30.37557778,-97.805,12,6,2,3,0,1,2,10,1,0
48,2015480607,480607,1,0,2,39,4306,31,3,2015,3,8,37,3,SR-6 MORRIS AVE,,29.46331667,-95.3447,43,0,1,1,0,4,1,1,1,0
48,2015480608,480608,1,0,2,147,0,31,3,2015,3,22,0,3,SR-78,,33.54417222,-96.1827,1,0,1,1,0,1,2,1,1,1
48,2015480609,480609,1,1,1,201,0,31,3,2015,3,21,45,7,I-10 EAST FWY,,29.77735556,-95.1261,8,0,1,1,0,1,2,1,1,0
48,2015480610,480610,1,6,2,439,2450,31,3,2015,3,13,35,3,SR-180 LANCASTER AVE,RIVERSIDE DR,32.74648333,-97.3037,8,0,3,2,0,5,1,1,1,0
48,2015480611,480611,1,0,2,201,3890,15,2,2015,1,18,8,6,BAY AREA BLVD,,29.65825833,-95.0478,33,0,1,1,0,3,1,10,2,1
48,2015480612,480612,4,1,3,121,4007,4,3,2015,4,19,36,2,US-380 UNIVERSITY DR,,33.22053333,-96.9242,12,1,1,1,0,1,2,3,1,0
48,2015480613,480613,1,0,1,355,1550,5,3,2015,5,1,20,3,SR-44,,27.78187222,-97.4728,1,0,19,1,0,3,3,2,1,1
48,2015480614,480614,1,0,2,355,1550,6,3,2015,6,1,37,6,BLEVINS ST,,27.75731389,-97.4064,33,0,1,1,0,4,3,10,1,0
48,2015480615,480615,1,0,3,191,0,8,3,2015,1,8,0,3,SR-256,,34.67723889,-100.784,32,0,1,1,0,4,1,1,2,1
48,2015480616,480616,2,0,3,361,5100,8,3,2015,1,4,42,3,SR-87 16TH ST,FM3247 MLK DR,30.15183889,-93.7526,12,2,2,3,0,1,2,1,1,1
48,2015480617,480617,4,0,6,201,3280,10,3,2015,3,19,30,3,SR-288 SOUTH FWY,,29.60690833,-95.3865,12,1,1,1,0,1,5,10,1,1
48,2015480618,480618,2,0,7,103,0,13,3,2015,6,16,33,2,US-385,,31.38193611,-102.348,12,1,1,1,0,2,1,1,1,0
48,2015480619,480619,1,0,3,215,0,19,3,2015,5,3,15,4,CR-RAMSEYER RD,,26.36079722,-98.112,53,0,1,1,0,4,2,2,1,1
48,2015480620,480620,3,0,5,423,0,16,3,2015,2,17,58,3,SR-31,,32.36954722,-95.0718,12,1,8,1,0,1,1,1,1,0
48,2015480621,480621,2,0,4,141,2190,18,3,2015,4,13,54,6,YARBROUGH DR,EDGEMERE BLVD,31.79206944,-106.331,12,6,2,2,0,1,1,1,1,0
48,2015480622,480622,1,0,1,453,330,18,3,2015,4,2,23,6,LAMAR BLVD,,30.31495833,-97.7364,30,0,1,1,0,4,3,2,1,1
48,2015480623,480623,1,0,1,97,0,20,3,2015,6,19,18,4,CR-121,,33.67354722,-97.0375,42,0,1,1,0,4,1,10,1,1
48,2015480624,480624,2,0,3,373,0,20,3,2015,6,0,0,2,US-190,,30.80927222,-95.1313,12,2,1,1,0,1,2,10,1,1
48,2015480625,480625,2,0,5,383,0,20,3,2015,6,6,10,8,RM 1357,BYRD RD,31.54338333,-101.703,12,2,1,1,0,1,2,10,3,0
48,2015480626,480626,2,0,3,355,0,21,3,2015,7,6,0,8,FM 624,,27.87285,-97.7193,12,6,1,1,0,1,2,2,2,0
48,2015480627,480627,1,0,3,435,6470,21,3,2015,7,14,12,1,I-10,,30.57660556,-100.637,24,0,1,1,0,3,1,2,1,0
48,2015480628,480628,2,0,5,329,0,22,3,2015,1,22,20,3,SR-191,,31.93985833,-102.276,12,6,1,1,0,1,2,1,1,0
48,2015480629,480629,2,0,2,453,330,23,3,2015,2,15,39,6,SLAUGHTER LN,PALACE PKWY,30.17388611,-97.8058,12,6,2,3,0,1,1,1,1,0
48,2015480630,480630,3,0,4,453,330,23,3,2015,2,21,3,8,RM 2222,,30.38742222,-97.8239,12,2,1,1,0,1,1,1,1,0
48,2015480631,480631,2,0,3,201,3280,24,3,2015,3,3,15,1,I-10 KATY,GESSNER RD,29.78506944,-95.5439,12,6,2,2,0,1,3,10,2,1
48,2015480632,480632,1,0,1,35,0,25,3,2015,4,14,53,3,SR-144,,32.09940833,-97.7505,41,0,1,1,0,4,1,1,1,0
48,2015480634,480634,2,0,4,185,0,26,3,2015,5,12,50,3,SR-90,CR-444,30.45346389,-96.0264,12,6,2,3,0,1,1,10,1,0
48,2015480635,480635,1,1,1,201,3280,27,3,2015,6,16,29,6,WOODBOURNE DR,EL DORADO BLVD,29.58262222,-95.1191,8,0,3,3,0,1,1,1,1,0
48,2015480636,480636,1,0,2,339,0,27,3,2015,6,13,40,8,FM 1097,,30.45978889,-95.4179,42,0,1,1,0,4,1,1,1,0
48,2015480637,480637,1,0,1,453,330,27,3,2015,6,19,17,6,SLAUGHTER LN,,30.17408889,-97.8076,35,0,1,1,0,4,3,1,1,0
48,2015480638,480638,2,0,2,113,1730,28,3,2015,7,5,2,2,US-75 CENTRAL EXPY,,32.90390833,-96.7689,12,1,1,1,0,1,3,1,1,0
48,2015480639,480639,2,0,3,157,0,28,3,2015,7,6,20,8,FM 762,,29.53085278,-95.7002,12,6,1,1,0,1,2,10,1,1
48,2015480640,480640,1,1,1,227,0,28,3,2015,7,20,55,7,I-20,,32.28059722,-101.357,8,0,1,1,0,1,2,1,1,0
48,2015480641,480641,1,0,1,453,330,28,3,2015,7,4,12,8,LOOP 1/MOPAC EXPY,,30.31462222,-97.7563,24,0,1,1,1,4,3,1,1,0
48,2015480642,480642,4,0,6,453,330,28,3,2015,7,18,7,2,US-183/ED BLUESTIEN BLVD,,30.29376667,-97.6631,1,0,1,1,0,1,1,1,1,0
48,2015480643,480643,2,1,2,29,6090,29,3,2015,1,0,55,7,I-410/LOOP 410,,29.46785833,-98.6178,8,0,1,1,0,1,2,1,1,0
48,2015480644,480644,1,1,1,113,1730,29,3,2015,1,22,48,6,ROYAL LN,,32.89456667,-96.7247,8,0,1,1,0,1,3,1,1,0
48,2015480645,480645,2,0,2,201,0,29,3,2015,1,17,27,4,CR-GREENHOUSE RD,CR-CYPRESS BAY DR,29.83557222,-95.7024,1,0,2,2,0,1,1,1,1,0
48,2015480646,480646,2,0,2,209,0,29,3,2015,1,1,7,8,RM 150,,30.14366944,-98.049,12,2,1,1,0,1,2,1,1,1
48,2015480647,480647,1,0,1,405,0,29,3,2015,1,18,52,8,FM 353/PATRON RD,,31.56508056,-94.0176,42,0,1,1,0,4,1,1,1,1
48,2015480648,480648,1,0,1,477,0,29,3,2015,1,17,49,4,CR-HERCULES RD,,30.18898889,-96.6971,1,0,1,1,0,1,1,1,1,0
48,2015480649,480649,1,0,5,105,0,30,3,2015,2,21,0,1,I-10,,30.68971111,-101.393,1,0,1,1,0,3,2,1,1,0
48,2015480650,480650,1,2,1,113,1730,30,3,2015,2,20,9,6,FAIR OAKS AVE,PINELAND DR,32.87558056,-96.7547,8,0,2,2,0,1,3,1,1,0
48,2015480651,480651,2,0,2,135,0,30,3,2015,2,2,48,1,I-20,FULTON DR,31.81531389,-102.396,12,6,3,3,1,1,2,1,1,1
48,2015480652,480652,2,0,2,491,3925,30,3,2015,2,21,31,2,US-183,OSAGE DR,30.54461667,-97.8404,12,2,2,3,0,1,2,1,1,0
48,2015480653,480653,3,0,3,171,0,31,3,2015,3,15,3,8,FM2093 TIVYDALE RD,,30.24816667,-98.9354,12,8,1,1,0,1,1,1,1,0
48,2015480654,480654,2,0,2,233,0,31,3,2015,3,15,53,3,SR-152,FM1923,35.829775,-101.522,12,6,2,3,0,1,1,1,1,0
48,2015480655,480655,1,0,1,253,0,31,3,2015,3,15,42,2,US-83/277,,32.77716111,-99.8967,33,0,19,1,0,4,1,1,1,0
48,2015480656,480656,1,1,1,479,3899,7,3,2015,7,18,0,6,CANVASBACK DR,,27.58350556,-99.5269,15,0,8,1,0,1,1,1,1,0
48,2015480657,480657,1,0,1,137,0,9,3,2015,2,1,7,2,US-277,,30.20316111,-100.675,24,0,1,1,0,4,2,2,1,0
48,2015480658,480658,1,0,1,201,0,16,3,2015,2,0,36,2,US-90 CROSBY FWY,,29.83703889,-95.1662,25,0,1,1,0,4,3,1,1,0
48,2015480659,480659,1,1,2,453,330,17,3,2015,3,19,57,8,SL1 MOPAC EXPY,,30.37253056,-97.7407,8,0,1,1,0,1,3,1,1,0
48,2015480660,480660,2,0,5,167,3920,19,3,2015,5,21,33,8,FM646 16TH ST,BROOKPORT DR,29.46377222,-95.0943,12,6,2,2,0,1,3,10,1,0
48,2015480661,480661,1,1,1,453,330,19,3,2015,5,22,32,3,SR-71 BASTROP HWY,,30.2211,-97.6738,8,0,1,1,0,1,2,10,1,0
48,2015480662,480662,1,0,5,389,0,22,3,2015,1,20,5,1,I-20,,31.38933056,-103.606,1,0,1,1,0,6,2,1,1,0
48,2015480664,480664,1,0,3,437,0,29,3,2015,1,18,14,8,FM1318,,34.54404167,-101.732,1,0,1,1,0,4,1,1,1,1
48,2015480665,480665,1,0,5,29,6090,30,3,2015,2,0,47,6,OLMOS DR,,29.4734,-98.4734,30,0,1,1,0,4,3,1,1,0
48,2015480666,480666,1,0,1,113,1190,31,3,2015,3,22,40,3,SR-190 PRES GEO BUSH TPKE,,32.94840278,-96.9257,33,0,5,1,0,10,3,1,1,1
48,2015480667,480667,2,0,2,227,0,31,3,2015,3,14,18,8,RM33,,32.10096667,-101.494,12,6,8,1,0,4,1,10,1,0
48,2015480668,480668,1,1,1,491,0,31,3,2015,3,20,26,8,FM1460,,30.61619444,-97.6694,8,0,1,1,0,1,2,1,1,0
48,2015480669,480669,1,0,2,469,7190,29,3,2015,1,3,38,8,BU77S NAVARRO ST,,28.85090556,-96.9975,5,0,1,1,0,1,3,1,1,0
48,2015480670,480670,2,0,2,407,0,31,3,2015,3,23,5,2,US-59,,30.49251667,-94.992,12,1,1,1,0,1,3,1,1,0
48,2015480671,480671,2,0,3,177,0,28,1,2015,4,4,37,1,I-10,,29.67124167,-97.2919,12,1,1,1,0,1,2,10,1,0
48,2015480674,480674,1,0,1,183,2670,19,3,2015,5,0,23,8,FM 2275 VESTA AVE,,32.55056111,-94.9308,53,0,1,1,0,4,2,10,1,1
48,2015480675,480675,2,0,2,99,2610,23,3,2015,2,23,9,3,SR-36,,31.44294722,-97.7147,12,8,1,1,0,1,2,1,1,1
48,2015480676,480676,1,0,2,137,0,29,3,2015,1,23,48,3,SR-55,RM 335,29.72883889,-100.036,24,0,1,1,0,4,2,1,2,1
48,2015480677,480677,1,1,1,223,1680,29,3,2015,1,20,42,7,I-30,,33.12893333,-95.8424,8,0,1,1,0,1,2,1,1,0
48,2015480678,480678,1,0,1,29,0,1,4,2015,4,3,53,2,US-181,,29.26775278,-98.3066,43,0,1,1,0,4,3,10,1,0
48,2015480679,480679,2,0,2,113,31,1,4,2015,4,20,41,6,VITRUVIAN WAY,BELLA LN,32.93796667,-96.8491,1,0,2,2,0,1,3,1,1,0
48,2015480680,480680,1,0,1,113,1730,1,4,2015,4,1,0,1,I-30 RL THORNTON FWY,,32.79454722,-96.7225,25,0,19,1,0,10,3,1,1,1
48,2015480681,480681,1,0,1,113,7520,1,4,2015,4,22,0,6,MILLERS FERRY RD,,32.56756389,-96.6702,1,0,1,1,0,4,2,10,1,1
48,2015480683,480683,1,0,1,493,0,1,4,2015,4,14,44,2,US-87,,29.24593889,-97.8583,38,0,1,1,0,5,1,10,1,0
48,2015480684,480684,1,0,1,5,4160,2,4,2015,5,15,14,8,SP 36/OLD MILL RD,,31.3557,-94.7471,42,0,1,1,0,4,1,1,1,0
48,2015480685,480685,1,0,1,187,6290,2,4,2015,5,17,0,2,US-90/KINGSBURY ST,,29.56753333,-98.0032,42,0,1,1,0,4,1,1,1,0
48,2015480686,480686,1,0,1,299,0,2,4,2015,5,21,47,3,SR-71,,30.70316944,-98.592,52,0,1,1,0,4,2,10,1,0
48,2015480687,480687,2,0,2,481,0,2,4,2015,5,7,36,3,SR-60,,29.41185,-96.0801,12,2,1,1,0,1,1,1,1,0
48,2015480688,480688,1,1,0,29,6090,3,4,2015,6,4,45,6,ESSEX ST,,29.403825,-98.4688,8,0,8,1,0,1,2,1,1,0
48,2015480689,480689,1,0,1,61,0,3,4,2015,6,4,23,4,CR-ENCANTADA CIR,,26.02526944,-97.6272,5,0,1,1,0,4,2,1,1,0