STATE,YEAR_ST_CASE,ST_CASE,VE_TOTAL,PEDS,PERSONS,COUNTY,CITY,DAY,MONTH,YEAR,DAY_WEEK,HOUR,MINUTE,ROUTE,TWAY_ID,TWAY_ID2,LATITUDE,LONGITUD,HARM_EV,MAN_COLL,RELJCT2,TYP_INT,WRK_ZONE,REL_ROAD,LGT_COND,WEATHER,FATALS,DRUNK_DR
48,2015481206,481206,2,0,3,67,0,3,6,2015,4,21,49,3,SR-77,,33.07042778,-94.0804,12,2,1,1,0,1,2,1,1,0
48,2015481207,481207,6,0,27,89,7290,3,6,2015,4,12,25,1,I-10,,29.69203611,-96.7675,12,1,1,1,1,1,1,1,2,0
48,2015481209,481209,1,1,1,469,7190,3,6,2015,4,8,36,2,US-87/BU77 NAVARRO ST,PINE ST,28.80330278,-96.9991,9,0,2,3,0,1,1,1,1,0
48,2015481210,481210,2,0,6,183,0,4,6,2015,5,20,43,3,SR-31,FM3053,32.37891667,-94.9641,12,6,2,2,0,1,2,1,2,1
48,2015481211,481211,1,1,1,27,3690,5,6,2015,6,21,50,3,SR-195/FT HOOD ST,,31.10411667,-97.7494,8,0,1,1,0,1,2,1,1,0
48,2015481212,481212,2,0,2,29,6090,5,6,2015,6,19,48,8,SL 13/MILITARY DR,ESCALON AVE,29.35659444,-98.5196,1,0,2,3,0,1,1,1,1,1
48,2015481213,481213,1,0,2,49,0,5,6,2015,6,15,40,8,FM 2125,,31.78735,-98.9917,38,0,1,1,0,5,1,1,1,0
48,2015481214,481214,1,0,1,113,1730,5,6,2015,6,2,6,6,LA PRADA DR,,32.81306389,-96.6653,33,0,1,1,0,3,3,1,1,1
48,2015481215,481215,3,0,4,113,1730,5,6,2015,6,6,39,1,I-635/LYNDON B JOHNSON FWY,,32.92418889,-96.7847,12,7,1,1,0,1,4,1,1,0
48,2015481216,481216,2,0,3,89,0,6,6,2015,7,3,17,1,I-10,,29.74665,-96.304,12,2,1,1,0,1,2,1,1,1
48,2015481217,481217,1,0,1,91,4870,6,6,2015,7,16,59,8,FM 725/SEGUIN AVE,,29.67937222,-98.1066,33,0,1,1,0,4,1,1,1,1
48,2015481218,481218,1,1,1,97,2550,6,6,2015,7,13,30,6,FAIR AVE,,33.63818889,-97.127,8,0,1,1,0,1,1,1,1,1
48,2015481219,481219,1,1,3,113,1730,6,6,2015,7,0,24,8,SL 12/GREAT TRINITY FOREST WAY,,32.71266944,-96.711,8,0,1,1,0,1,2,1,1,0
48,2015481220,481220,2,0,3,121,1840,6,6,2015,7,21,56,8,FM 428/SHERMAN DR,,33.29740556,-97.0735,12,2,1,1,0,1,2,1,1,0
48,2015481221,481221,2,0,2,187,0,6,6,2015,7,0,19,3,SR-123,,29.7449,-97.9494,12,2,1,1,0,1,2,1,1,1
48,2015481222,481222,1,0,1,321,0,6,6,2015,7,1,5,4,CR-HICKL RD/MICKI RD,,28.88649167,-96.1438,1,0,1,1,0,4,2,1,1,1
48,2015481223,481223,1,0,1,441,0,6,6,2015,7,11,9,8,FM 126,,32.38586111,-100.07,59,0,1,1,0,4,1,1,1,0
48,2015481224,481224,1,1,2,453,330,6,6,2015,7,18,34,6,JOHNNY MORRIS RD,,30.29655833,-97.6505,9,0,1,1,0,1,1,1,1,0
48,2015481225,481225,1,1,1,453,330,6,6,2015,7,23,4,7,US-290/US-69/KOENIG LN,,30.32221667,-97.7083,8,0,1,1,0,1,3,1,1,0
48,2015481226,481226,2,0,2,459,0,6,6,2015,7,1,48,3,SR-155,,32.64126944,-95.045,12,6,1,1,0,1,2,1,1,1
48,2015481227,481227,1,0,1,25,0,7,6,2015,1,1,1,2,US-181,,28.27646944,-97.6922,23,0,1,1,0,4,2,10,1,1
48,2015481228,481228,1,1,1,113,1730,7,6,2015,1,2,40,6,MCVEY AVE,,32.70955833,-96.8184,8,0,1,1,0,1,3,1,1,0
48,2015481229,481229,1,1,1,113,1730,7,6,2015,1,2,50,6,SPANGLER RD,,32.87206944,-96.9131,33,0,1,1,0,4,3,1,1,1
48,2015481230,481230,1,1,2,113,1730,7,6,2015,1,3,45,6,CEDAR PLAZA LN,,32.82586667,-96.822,8,0,1,1,0,1,3,1,1,0
48,2015481231,481231,1,1,1,201,3280,7,6,2015,1,23,0,6,ELYSIAN ST,,29.79074722,-95.3511,8,0,1,1,0,1,3,1,1,0
48,2015481232,481232,3,0,4,201,3280,7,6,2015,1,23,15,3,SR-288 SOUTH FWY,,29.73341389,-95.3712,25,0,19,1,0,4,3,1,1,1
48,2015481233,481233,2,0,6,381,150,7,6,2015,1,1,32,1,I-27 CANYON DR,45TH AVE,35.16380833,-101.872,12,2,1,1,0,1,3,1,1,0
48,2015481234,481234,1,1,1,439,2800,7,6,2015,1,5,30,7,SR-360 WATSON RD,,32.77450278,-97.0626,8,0,1,1,0,1,2,1,1,0
48,2015481235,481235,1,0,2,449,4750,7,6,2015,1,0,50,8,FM 899 1ST ST,,33.15730833,-94.993,42,0,1,1,0,4,2,1,2,1
48,2015481236,481236,1,0,1,495,0,7,6,2015,1,5,0,3,SR-18,,31.70193056,-103.032,59,0,1,1,0,4,2,1,1,0
48,2015481237,481237,1,0,1,113,6260,8,6,2015,2,9,31,6,MALLOY BRIDGE RD,,32.66741944,-96.5212,38,0,1,1,0,5,9,1,1,1
48,2015481238,481238,3,0,3,203,0,8,6,2015,2,7,32,1,I-20,,32.49355556,-94.2973,12,9,1,1,0,1,1,1,1,0
48,2015481239,481239,2,0,2,439,260,8,6,2015,2,17,45,1,I-30,,32.75970278,-97.0615,20,0,19,1,0,10,1,1,1,0
48,2015481241,481241,2,0,2,453,330,8,6,2015,2,15,24,6,WESTGATE BLVD,EKTOM DR,30.22397222,-97.8049,12,1,3,3,0,1,1,1,1,0
48,2015481242,481242,1,0,1,207,0,9,6,2015,3,12,3,8,BU277F,,33.13208889,-99.7416,59,0,1,1,0,4,1,1,1,0
48,2015481243,481243,1,0,2,329,4560,9,6,2015,3,20,15,6,SCHARBAUER DR,,32.02037778,-102.076,33,0,1,1,0,3,5,1,1,0
48,2015481244,481244,2,0,2,481,0,9,6,2015,3,16,14,8,FM102,CR-267,29.48301389,-96.3012,12,6,2,2,0,1,1,1,1,1
48,2015481245,481245,1,0,2,29,33,14,6,2015,1,0,44,6,RAKOWITZ RD,,29.39546389,-98.2647,32,0,1,1,0,4,2,10,1,1
48,2015481246,481246,1,1,0,251,0,13,4,2015,2,13,27,4,CR-CORDES RD,,32.519575,-97.1382,8,0,1,1,0,1,1,10,1,0
48,2015481247,481247,1,0,1,187,0,8,5,2015,6,21,45,4,CR-REDWOOD RD,,29.82515833,-97.919,30,0,1,1,0,4,2,10,1,1
48,2015481248,481248,3,0,3,201,3280,24,5,2015,1,2,15,2,US-59 SOUTHWEST FWY,,29.73586111,-95.3692,12,7,18,1,0,1,2,10,1,1
48,2015481249,481249,1,0,4,201,3280,24,5,2015,1,2,20,6,FONDREN RD,,29.69225,-95.5101,42,0,1,1,0,3,3,10,1,1
48,2015481250,481250,2,0,2,439,6200,24,5,2015,1,21,28,3,SR-199 JACKSBORO HWY,ARROW LN,32.80327222,-97.4111,12,7,3,3,0,1,2,1,1,1
48,2015481251,481251,2,0,2,453,330,25,5,2015,2,9,4,8,FM734 PARMER LN,SL275 LAMAR BLVD,30.40783333,-97.6782,12,6,2,2,0,1,1,1,1,0
48,2015481252,481252,2,0,2,203,0,26,5,2015,3,8,58,3,SR-43,CR-2115,32.59094722,-94.2523,12,6,1,1,0,1,1,10,1,0
48,2015481253,481253,1,0,3,219,0,26,5,2015,3,17,50,8,FM2646,,33.55853889,-102.267,1,0,1,1,0,4,1,1,1,0
48,2015481254,481254,1,0,4,201,3280,29,5,2015,6,3,10,3,SR-288 SOUTH FWY,,29.68741111,-95.3795,33,0,1,1,0,10,3,10,2,1
48,2015481255,481255,2,0,6,475,0,30,5,2015,7,17,40,3,SR-18,,31.30883056,-102.872,12,2,1,1,0,4,1,1,3,1
48,2015481256,481256,1,0,1,475,0,30,5,2015,7,22,21,1,I-20,,31.571875,-102.957,1,0,19,1,0,3,2,1,1,1
48,2015481257,481257,9,0,15,467,0,1,6,2015,2,14,30,1,I-20,,32.61096111,-95.9592,12,1,1,1,1,1,1,10,1,0
48,2015481258,481258,1,1,1,201,3280,2,6,2015,3,18,47,6,VARNER DR,,29.80546389,-95.503,8,0,1,1,0,1,1,1,1,0
48,2015481259,481259,1,0,1,215,5181,3,6,2015,4,13,21,6,GLASSCOCK RD,,26.25253611,-98.287,59,0,1,1,0,4,1,1,1,0
48,2015481260,481260,3,0,3,41,0,4,6,2015,5,10,0,3,SR-21,,30.66074444,-96.4219,12,6,1,1,0,1,1,1,1,0
48,2015481261,481261,2,0,2,329,0,4,6,2015,5,17,40,3,SR-158,,31.95536667,-101.941,12,2,1,1,0,1,1,1,1,0
48,2015481262,481262,2,0,4,503,0,4,6,2015,5,6,30,3,SR-114,,33.26115833,-98.5337,12,6,1,1,0,1,4,1,1,0
48,2015481263,481263,1,0,2,277,0,5,6,2015,6,0,20,8,FM 1500,,33.80169722,-95.6279,1,0,1,1,0,4,2,1,1,1
48,2015481264,481264,1,0,1,309,0,5,6,2015,6,23,35,4,CR-WILLOW BRANCH RD,,31.43858056,-97.3861,38,0,1,1,0,5,2,1,1,1
48,2015481265,481265,1,1,3,61,0,6,6,2015,7,20,55,8,FM 511,,25.93193056,-97.4071,9,0,1,1,0,1,2,1,1,0
48,2015481266,481266,2,0,2,201,3280,6,6,2015,7,2,50,1,I-610,,29.70794444,-95.2698,12,1,18,1,0,1,2,1,1,1
48,2015481267,481267,3,0,5,161,0,7,6,2015,1,21,34,1,I-45,,31.49021389,-96.0939,12,1,1,1,0,1,2,1,1,0
48,2015481268,481268,2,0,4,227,0,7,6,2015,1,17,44,2,US-87,CR-CENTER POINT RD,32.31306944,-101.506,12,6,2,2,0,1,1,1,1,0
48,2015481269,481269,2,0,3,237,0,7,6,2015,1,18,38,8,FM 4,,33.11355556,-98.2176,12,2,1,1,0,1,1,1,1,1
48,2015481270,481270,2,0,2,339,0,7,6,2015,1,22,18,8,FM 2978,,30.20569167,-95.5787,12,2,1,1,0,1,2,1,1,1
48,2015481271,481271,1,0,2,439,2450,7,6,2015,1,2,25,3,SR-183,,32.83709444,-97.034,43,0,19,1,0,10,3,1,1,1
48,2015481272,481272,1,0,1,81,0,8,6,2015,2,22,17,2,US-277,,31.73851667,-100.286,1,0,1,1,0,4,2,1,1,0
48,2015481273,481273,1,1,1,113,1730,8,6,2015,2,22,50,6,MAPLE AVE,,32.81187778,-96.8232,8,0,1,1,0,1,3,1,1,0
48,2015481274,481274,1,1,1,121,3960,8,6,2015,2,22,19,6,GARDEN RIDGE BLVD,,33.04046944,-97.0362,8,0,99,1,0,99,2,1,1,0
48,2015481275,481275,2,0,1,209,0,8,6,2015,2,1,39,8,RM 150,,29.94530556,-97.8306,14,0,1,1,0,2,3,1,1,1
48,2015481276,481276,1,0,1,231,0,8,6,2015,2,7,2,4,CR-4108,,33.15713611,-96.0032,10,0,6,1,0,1,1,1,1,0
48,2015481277,481277,2,0,6,277,0,9,6,2015,3,17,20,2,US-82,CR-1,33.66303889,-95.4183,12,6,2,3,0,1,1,1,1,1
48,2015481278,481278,2,1,4,113,1730,10,6,2015,4,6,45,1,I-35 RL THORNTON FWY,,32.75268056,-96.8095,8,0,18,1,0,1,1,1,1,0
48,2015481279,481279,2,0,2,215,2110,10,6,2015,4,15,29,6,SUGAR RD,,26.27625,-98.1825,12,2,1,1,0,1,1,1,1,0
48,2015481280,481280,4,0,6,367,0,10,6,2015,4,13,25,1,I-20,,32.72973056,-97.6061,12,2,1,1,0,1,1,1,2,0
48,2015481281,481281,1,1,1,29,6090,11,6,2015,5,7,40,8,FM 471/CULEBRA RD,,29.49784444,-98.7143,9,0,1,1,0,4,1,10,1,0
48,2015481282,481282,1,0,2,113,6001,11,6,2015,5,18,30,6,DEXHAM RD,,32.90348056,-96.5853,42,0,1,1,0,4,1,1,1,1
48,2015481283,481283,3,0,4,217,0,11,6,2015,5,14,25,3,SR-22,,31.87996944,-97.3457,12,6,1,1,0,1,1,10,1,0
48,2015481284,481284,1,2,1,29,6090,12,6,2015,6,22,1,6,ZARZAMORA,,29.36019722,-98.5341,8,0,1,1,0,1,3,1,1,0
48,2015481285,481285,1,0,1,321,5160,12,6,2015,6,0,25,3,SR-35,,28.7243,-96.2654,38,0,1,1,0,5,2,1,1,1
48,2015481286,481286,2,0,2,407,1428,12,6,2015,6,15,5,3,SR-150,,30.58796111,-95.1358,12,6,8,1,0,1,1,1,1,0
48,2015481288,481288,1,0,2,371,0,13,6,2015,7,4,0,3,SR-349,,30.83655,-101.851,43,0,1,1,0,4,2,10,1,1
48,2015481289,481289,3,0,5,439,0,13,6,2015,7,13,29,8,BU-287P/SAGINAW BLVD,,32.95501111,-97.4208,12,1,1,1,0,2,1,1,1,0
48,2015481290,481290,1,0,1,439,260,13,6,2015,7,16,10,1,I-20 RAMP,,32.67901667,-97.0631,24,0,5,1,0,4,1,2,1,0
48,2015481291,481291,2,0,4,439,2255,13,6,2015,7,2,38,8,PA205 MID CITIES BLVD,HOLLY DR,32.86998056,-97.0795,12,6,2,2,0,1,3,1,2,2
48,2015481292,481292,1,0,1,3,0,14,6,2015,1,4,53,2,US-385,,32.138575,-102.467,1,0,1,1,0,3,2,10,1,1
48,2015481293,481293,1,0,3,25,0,14,6,2015,1,7,14,7,US-181,,28.41376389,-97.7308,32,0,1,1,0,4,1,10,1,1
48,2015481294,481294,1,0,1,209,990,14,6,2015,1,3,22,8,FM2001,,30.07029167,-97.8196,32,0,1,1,0,4,2,2,1,1
48,2015481295,481295,1,0,2,297,0,14,6,2015,1,12,47,2,US-281,,28.4158,-98.1745,1,0,1,1,0,3,1,2,1,0
48,2015481296,481296,1,1,2,453,330,14,6,2015,1,22,51,1,I-35,,30.19746944,-97.7648,8,0,1,1,0,1,3,1,1,0
48,2015481297,481297,1,0,1,309,0,17,6,2015,4,5,40,1,I-35,,31.79155556,-97.1025,43,0,1,1,1,10,2,2,1,0
48,2015481298,481298,3,0,6,217,0,18,6,2015,5,8,39,1,I-35E,,32.05867778,-97.0892,12,2,1,1,0,1,1,1,1,0
48,2015481299,481299,2,0,2,29,7205,19,6,2015,6,5,41,1,I-35,,29.25322778,-98.7354,12,1,1,1,0,1,3,2,1,0
48,2015481300,481300,3,0,5,29,6090,20,6,2015,7,0,34,6,FOSTER RD,SUMMER FEST ST,29.38105278,-98.3608,12,6,2,2,0,1,3,10,1,1
48,2015481301,481301,2,0,5,29,6090,20,6,2015,7,1,50,7,I-410,SR-151,29.436075,-98.645,12,1,3,2,0,1,3,10,2,1
48,2015481302,481302,2,0,2,29,6090,20,6,2015,7,12,24,6,SAN PEDRO AVE,,29.45706389,-98.4993,12,2,1,1,0,1,1,10,1,0
48,2015481303,481303,1,1,1,201,3280,20,6,2015,7,16,37,6,SOUTHINGTON ST,,29.68046111,-95.3345,9,0,1,1,0,1,1,1,1,0
48,2015481304,481304,2,0,9,113,1730,31,3,2015,3,7,28,6,FORNEY RD,LOMAX DR,32.778125,-96.6943,12,6,2,2,0,1,1,10,1,0
48,2015481305,481305,1,0,2,439,260,31,3,2015,3,23,35,3,SR-360 RAMP,,32.68374722,-97.0628,33,0,5,1,0,8,2,1,1,1
48,2015481306,481306,1,1,1,121,255,7,4,2015,3,10,20,2,US-377,,33.11003333,-97.19,8,0,1,1,1,1,1,1,1,0
48,2015481307,481307,2,0,2,419,6940,12,4,2015,1,14,36,2,US-84,US-59,31.90174444,-94.4087,12,6,2,7,0,1,1,1,1,0
48,2015481308,481308,3,0,5,135,5030,2,5,2015,7,17,45,2,US-191 42ND ST,,31.89103611,-102.346,12,6,8,1,0,1,1,1,1,0
48,2015481309,481309,1,0,1,229,0,18,5,2015,2,6,54,1,I-10,,31.21186389,-105.47,1,0,1,1,0,3,1,1,1,0
48,2015481311,481311,2,0,3,29,6090,2,6,2015,3,19,50,8,FM 2252 NACOGDOCHES RD,,29.55925278,-98.3961,33,0,1,1,0,4,1,1,1,1
48,2015481312,481312,3,0,4,201,3280,6,6,2015,7,7,9,1,I-45 NORTH FWY,,29.78988333,-95.3719,12,9,1,1,0,1,1,1,1,0
48,2015481313,481313,1,1,1,215,0,7,6,2015,1,20,48,8,FM 1425 MILE 2 RD,,26.19106111,-97.8785,9,0,1,1,0,1,2,1,1,0
48,2015481314,481314,2,0,5,29,6090,8,6,2015,2,17,24,3,SR-151,SL 1604,29.48183611,-98.7106,12,6,2,2,0,1,1,1,1,0
48,2015481315,481315,2,1,1,113,1730,9,6,2015,3,19,10,1,I-35 STEMMONS FWY,,32.83865278,-96.8755,12,1,1,1,0,3,1,1,1,0
48,2015481316,481316,1,1,1,157,0,9,6,2015,3,21,0,3,SR-6,PARKESGATE DR,29.68212778,-95.6436,15,0,2,2,0,1,3,1,1,0
48,2015481317,481317,1,0,2,113,1730,10,6,2015,4,10,28,1,I-35E RL THORNTON HWY,,32.74351667,-96.8158,24,0,19,1,0,10,1,1,1,0
48,2015481318,481318,2,0,3,193,0,11,6,2015,5,7,30,2,US-84,CR-529,31.48096944,-98.2665,12,6,2,3,0,1,1,1,1,0
48,2015481319,481319,3,0,1,113,1730,12,6,2015,6,0,45,1,I-20 LBJ FWY,,32.658575,-96.8885,14,0,5,1,0,8,2,1,1,1
48,2015481320,481320,2,0,2,225,0,12,6,2015,6,8,20,8,FM 2663,,31.39416111,-95.4514,12,6,8,1,0,1,1,10,1,0
48,2015481321,481321,1,0,1,417,0,12,6,2015,6,13,20,2,US-180 RAMP,,32.76719722,-99.5896,31,0,5,1,0,8,1,10,1,0
48,2015481322,481322,2,0,2,485,7490,12,6,2015,6,21,45,2,US-82 SEYMOUR HWY,,33.86099722,-98.6297,12,1,1,1,0,1,2,1,1,1
48,2015481323,481323,1,0,1,53,0,13,6,2015,7,0,13,4,CR-305,,30.74491944,-98.1772,1,0,1,1,0,4,2,1,1,1
48,2015481324,481324,1,0,1,85,0,14,6,2015,1,4,10,4,CR-580,,33.33643333,-96.3679,52,0,1,1,0,4,2,1,1,1
48,2015481325,481325,1,0,1,201,3320,14,6,2015,1,2,53,6,WILSON RD,,29.979825,-95.2485,32,0,1,1,0,4,2,2,1,1
48,2015481326,481326,2,0,5,113,1730,15,6,2015,2,3,20,6,SINGLETON BLVD,,32.77853889,-96.8482,12,6,1,1,0,1,3,10,1,0
48,2015481327,481327,2,0,2,211,0,15,6,2015,2,21,30,8,FM-277,RM2654,35.67733056,-100.112,12,2,3,4,0,1,2,1,1,0
48,2015481328,481328,2,0,4,347,0,15,6,2015,2,12,10,3,SR-7,FM2782,31.529175,-94.7698,12,6,2,2,0,1,1,1,1,0
48,2015481329,481329,2,0,2,491,3478,15,6,2015,2,20,51,1,I-35,,30.78915,-97.6221,12,1,1,1,1,1,5,1,1,0
48,2015481330,481330,2,0,2,201,3280,16,6,2015,3,18,38,7,I-69/US-59,SL8,29.66178889,-95.5578,12,6,2,2,0,1,1,2,1,0
48,2015481331,481331,2,0,2,223,0,16,6,2015,3,5,50,3,SR-11,,33.21138056,-95.8531,12,2,1,1,0,1,4,10,1,0
48,2015481332,481332,1,0,2,67,0,17,6,2015,4,16,52,8,FM125,,32.95378889,-94.2715,42,0,1,1,0,4,1,10,1,1
48,2015481333,481333,5,0,7,423,0,17,6,2015,4,15,22,1,I-20,,32.43701944,-95.0136,12,1,1,1,0,1,1,10,2,0
48,2015481334,481334,2,0,2,27,3690,18,6,2015,5,7,49,8,FM439/RANCIER AVE,,31.11558889,-97.667,12,6,1,1,0,1,1,1,1,0
48,2015481335,481335,1,0,3,321,0,19,6,2015,6,14,45,4,CR-RIVER RD,,28.77451944,-96.1481,3,0,1,1,0,5,1,10,1,1
48,2015481336,481336,3,0,4,29,0,20,6,2015,7,7,0,1,I-10,,29.67291111,-98.6342,57,0,1,1,0,3,1,2,2,0
48,2015481337,481337,1,0,1,29,6090,20,6,2015,7,6,42,8,SL1604,,29.60239167,-98.374,25,0,1,1,0,3,2,2,1,0
48,2015481338,481338,1,0,1,29,6090,20,6,2015,7,12,58,7,I-10/LOOP410,,29.51629722,-98.4381,20,0,5,1,0,8,1,10,1,1
48,2015481339,481339,1,0,1,293,0,20,6,2015,7,6,52,2,US-84,,31.66465,-96.6557,52,0,1,1,0,4,2,10,1,1
48,2015481340,481340,1,0,1,351,0,20,6,2015,7,12,50,8,RM 255,,31.1323,-93.6312,1,0,1,1,0,4,1,10,1,0
48,2015481341,481341,1,1,1,201,3280,15,6,2015,2,2,6,3,SR-6,,29.72607222,-95.6439,8,0,1,1,0,1,2,1,1,0
48,2015481342,481342,2,0,3,257,0,21,6,2015,1,14,26,4,CR-4019,,32.40732778,-96.1489,12,2,1,1,0,1,1,10,1,0
48,2015481343,481343,2,0,2,329,4560,21,6,2015,1,2,30,8,BS 349C BIG SPRING,TEXAS RD,31.99850556,-102.078,12,6,2,2,0,1,3,1,1,1
48,2015481344,481344,2,0,2,187,6290,22,6,2015,2,6,34,1,I-10 JUAN SEGUIN HWY,,29.61071667,-97.8676,12,6,18,1,0,1,2,1,1,0
48,2015481345,481345,2,0,3,267,0,22,6,2015,2,12,54,2,US-290,,30.29476667,-99.4875,12,2,1,1,0,1,1,10,3,0
48,2015481346,481346,1,0,1,287,0,22,6,2015,2,9,27,2,US-290,,30.18485556,-96.9718,1,0,1,1,0,4,1,1,1,0
48,2015481347,481347,1,0,1,141,2190,23,6,2015,3,1,47,6,VISTA DEL SOL DR,,31.75145,-106.302,43,0,1,1,0,4,2,1,1,0
48,2015481348,481348,2,0,2,201,480,23,6,2015,3,5,37,6,GARTH RD,,29.77759722,-94.9776,12,2,8,1,0,1,3,10,1,0
48,2015481349,481349,2,0,2,213,0,23,6,2015,3,14,12,2,US-175,CREEKSIDE DR,32.17636111,-95.7904,12,6,2,3,0,1,1,1,1,0
48,2015481350,481350,2,0,6,253,0,23,6,2015,3,9,16,2,US-277,FM 2702,32.92306944,-99.8345,12,6,2,2,0,1,1,1,1,0
48,2015481351,481351,1,0,1,233,0,24,6,2015,4,6,10,3,SR-136,,35.73831389,-101.418,11,0,1,1,0,1,4,1,1,0
48,2015481352,481352,2,0,2,231,0,25,6,2015,5,22,27,7,I-30,,33.12870278,-95.9799,12,2,1,1,0,1,2,1,1,2
48,2015481353,481353,1,0,1,167,6860,29,1,2015,5,23,46,3,SR-146,4TH AVE,29.38007778,-94.9511,1,0,3,3,0,1,2,1,1,0
48,2015481354,481354,2,0,4,121,9997,30,4,2015,5,20,50,3,SR-114,ALLISON AVE,33.02702222,-97.2835,12,6,2,2,0,1,3,1,1,0
48,2015481355,481355,2,0,1,167,1920,3,5,2015,1,21,44,6,NICHOLINI ST,,29.46086667,-95.048,12,7,1,1,0,1,3,1,1,0
48,2015481356,481356,3,0,6,215,4197,10,5,2015,1,20,35,3,SR-366 10TH ST,DOVE AVE,26.25377778,-98.2215,12,1,3,2,0,1,3,1,1,0
48,2015481357,481357,2,0,5,453,330,10,5,2015,1,3,24,8,FM 734,,30.38926667,-97.652,12,2,1,1,0,1,2,1,2,1
48,2015481358,481358,1,1,1,201,3280,22,5,2015,6,21,19,6,LONG POINT RD,,29.797675,-95.5248,8,0,1,1,0,1,3,1,1,0
48,2015481359,481359,1,0,1,325,0,24,5,2015,1,2,47,8,FM 2200,,29.14040556,-99.0464,3,0,1,1,0,1,2,2,1,0
48,2015481360,481360,2,0,4,475,0,25,5,2015,2,14,10,1,I-20,,31.57515278,-102.932,12,1,1,1,0,1,1,1,1,0
48,2015481361,481361,2,0,2,113,4530,31,5,2015,1,21,2,6,RODEO CENTER BLVD,NEW MARKET RD,32.75595278,-96.6225,12,6,2,3,0,1,3,1,1,0
48,2015481362,481362,1,0,4,485,7490,5,6,2015,6,1,14,7,US-82/287 CENTRAL FWY,,33.8895,-98.4859,32,0,1,1,0,10,3,1,2,1
48,2015481363,481363,1,1,1,227,640,6,6,2015,7,1,12,8,BI20G 4TH ST,,32.24665833,-101.491,8,0,1,1,0,1,1,1,1,0
48,2015481364,481364,2,0,4,113,2590,7,6,2015,1,17,2,6,FIREWHEEL PKWY,,32.94198611,-96.6067,12,1,1,1,0,1,1,1,1,0
48,2015481365,481365,1,0,1,231,7385,10,6,2015,4,2,19,2,US-276 QUINLAN PKWY,,32.90323056,-96.005,32,0,1,1,0,4,2,1,1,1
48,2015481366,481366,2,0,4,285,0,10,6,2015,4,14,57,8,FM531,,29.38263889,-97.1054,12,2,1,1,0,1,1,1,2,0
48,2015481367,481367,1,0,2,31,0,13,6,2015,7,15,50,8,RM2766 ROBINSON RD,,30.27471667,-98.356,11,0,1,1,0,1,1,1,1,0
48,2015481368,481368,1,0,1,121,7353,13,6,2015,7,2,14,3,SR-114,FM1938 DAVIS BLVD,32.98983333,-97.1815,23,0,19,1,0,4,3,10,1,0
48,2015481369,481369,2,0,5,439,2095,14,6,2015,1,12,36,6,VILLAGE PKWY,EDGECLIFF RD,32.66120278,-97.3329,12,6,3,2,0,1,1,1,1,0
48,2015481370,481370,1,0,4,201,5230,15,6,2015,2,15,31,6,RED BLUFF RD,NORTH AVE,29.69866944,-95.1799,42,0,3,2,0,4,1,2,2,0
48,2015481371,481371,1,1,1,201,3280,15,6,2015,2,19,13,6,ANTOINE DR,,29.80279167,-95.4754,9,0,1,1,0,1,1,10,1,0
48,2015481372,481372,2,0,2,329,4560,15,6,2015,2,0,57,3,SR-349 RANKIN HWY,CR-114,31.96579167,-102.072,12,6,2,2,0,1,3,2,1,0
48,2015481373,481373,2,0,4,339,0,16,6,2015,3,14,15,8,FM1485,,30.14787778,-95.1681,12,6,1,1,0,1,1,2,1,0
48,2015481374,481374,1,1,1,451,6080,16,6,2015,3,0,40,7,US-67 HOUSTON HARTE EXPY,SOUTHWEST BLVD,31.44088889,-100.499,8,0,2,3,0,1,2,2,1,1
48,2015481375,481375,2,0,2,135,0,17,6,2015,4,21,1,8,FM1882,,31.89979444,-102.408,12,6,8,1,0,1,2,1,1,1
48,2015481376,481376,2,0,4,479,0,17,6,2015,4,10,55,2,US-83,,28.104725,-99.5793,12,2,1,1,0,1,1,1,3,0
48,2015481377,481377,3,0,4,257,2430,18,6,2015,5,20,47,1,I-20,,32.70069167,-96.5074,12,2,1,1,0,1,2,2,1,0
48,2015481378,481378,2,0,4,181,7130,19,6,2015,6,7,20,2,US-75,,33.45166389,-96.6055,12,9,1,1,0,1,1,1,2,0
48,2015481379,481379,1,0,1,189,0,19,6,2015,6,12,20,8,FM54,,33.87632778,-101.906,1,0,1,1,0,1,1,10,1,1