STATE,YEAR_ST_CASE,ST_CASE,VE_TOTAL,PEDS,PERSONS,COUNTY,CITY,DAY,MONTH,YEAR,DAY_WEEK,HOUR,MINUTE,ROUTE,TWAY_ID,TWAY_ID2,LATITUDE,LONGITUD,HARM_EV,MAN_COLL,RELJCT2,TYP_INT,WRK_ZONE,REL_ROAD,LGT_COND,WEATHER,FATALS,DRUNK_DR
48,2015481380,481380,2,0,2,201,3280,19,6,2015,6,21,18,6,ALIEF CLODINE RD,COOK RD,29.71459167,-95.5964,1,0,2,3,0,1,3,10,1,0
48,2015481381,481381,1,1,3,251,1370,19,6,2015,6,12,23,6,COLORADO,CHAMBERS,32.34807222,-97.3803,9,0,2,3,0,1,1,1,1,0
48,2015481382,481382,2,0,3,65,0,20,6,2015,7,9,45,1,I-40,,35.2206,-101.6,12,6,1,1,0,1,1,1,1,0
48,2015481383,481383,1,0,1,85,0,20,6,2015,7,11,55,8,FM 3286/LUCAS RD,,33.095275,-96.5391,42,0,1,1,0,4,1,10,1,0
48,2015481384,481384,1,0,1,201,480,20,6,2015,7,22,8,6,WARD RD,,29.7386,-94.9484,42,0,1,1,0,4,3,1,1,0
48,2015481385,481385,2,3,4,201,3280,20,6,2015,7,20,22,6,CHIMNEY ROCK RD,,29.71946944,-95.4764,12,6,1,1,0,1,3,10,1,1
48,2015481386,481386,3,0,3,201,3280,20,6,2015,7,22,12,1,I-610/SOUTH LOOP W,,29.67893333,-95.4024,5,0,1,1,0,1,3,10,1,1
48,2015481387,481387,1,0,1,209,0,20,6,2015,7,0,9,8,RM 12,,29.97417222,-98.0927,1,0,1,1,0,4,2,10,1,1
48,2015481388,481388,1,0,1,423,0,20,6,2015,7,20,25,4,CR-26,,32.35613056,-95.0902,44,0,1,1,0,1,5,1,1,0
48,2015481389,481389,2,0,3,469,7190,20,6,2015,7,6,41,8,BU-59/HOUSTON HWY,BEN WILSON ST,28.81198611,-96.9744,12,6,2,2,0,1,1,1,1,0
48,2015481390,481390,2,0,4,491,0,20,6,2015,7,21,38,2,US-79,LIMMER LOOP,30.54985556,-97.5079,12,6,2,3,0,1,2,10,1,0
48,2015481391,481391,2,0,5,29,0,21,6,2015,1,23,2,8,FM 1957/POTRANCO RD,,29.42173889,-98.76,12,6,1,1,0,1,2,10,3,2
48,2015481392,481392,2,0,3,141,2190,21,6,2015,1,2,57,1,I-10,,31.89838333,-106.583,12,2,1,1,0,1,3,1,1,1
48,2015481393,481393,1,1,5,157,0,21,6,2015,1,22,0,4,CR-POOL HILL RD,,29.70265,-95.9444,8,0,1,1,0,1,2,1,1,0
48,2015481395,481395,2,0,2,303,4140,21,6,2015,1,17,4,7,I-27/AMARILLO RD,,33.62085833,-101.84,12,1,8,1,0,1,1,1,1,0
48,2015481396,481396,2,0,2,1,0,22,6,2015,2,12,9,2,US-287,,31.67163056,-95.5853,12,2,1,1,0,1,1,1,1,0
48,2015481397,481397,1,0,1,141,2190,22,6,2015,2,6,55,1,I-10,,31.76931111,-106.477,25,0,1,1,0,3,1,1,1,0
48,2015481399,481399,2,0,4,23,0,23,6,2015,3,17,50,2,US-82,US-183,33.66967222,-99.1396,12,6,2,2,0,1,1,1,2,0
48,2015481400,481400,1,0,1,141,0,23,6,2015,3,19,28,8,SL 375/TRANSMOUNTAIN RD,,31.89787222,-106.456,34,0,1,1,0,3,1,1,1,0
48,2015481402,481402,1,1,1,217,3210,24,6,2015,4,23,50,3,SR-22,,32.00588056,-97.1215,8,0,1,1,0,1,2,1,1,0
48,2015481403,481403,3,0,7,241,0,24,6,2015,4,16,15,2,US-96,CR-601,30.57032222,-93.9243,12,6,2,3,0,1,1,10,2,0
48,2015481404,481404,2,0,6,457,0,24,6,2015,4,15,20,2,US-69,,30.87748056,-94.4247,12,2,1,1,0,1,1,1,6,0
48,2015481405,481405,1,0,1,299,0,25,6,2015,5,0,10,3,SR-261,,30.76006111,-98.4612,31,0,1,1,0,4,2,1,1,1
48,2015481406,481406,1,0,1,423,0,25,6,2015,5,6,5,8,FM 756,,32.18400278,-95.2572,42,0,1,1,0,4,1,1,1,1
48,2015481407,481407,2,0,3,439,502,25,6,2015,5,11,5,6,L DON DODSON DR,MURPHY DR,32.84104444,-97.1216,12,6,2,2,0,1,1,1,1,0
48,2015481408,481408,2,0,3,439,2450,25,6,2015,5,20,13,6,YATES ST,LUBBOCK AVE,32.67355,-97.3565,12,6,2,2,0,1,3,1,1,0
48,2015481409,481409,2,0,3,451,6080,25,6,2015,5,18,5,8,RM 584,,31.42375833,-100.465,12,6,8,1,0,1,1,1,1,0
48,2015481410,481410,2,0,2,29,6090,26,6,2015,6,18,12,6,SLIGO,,29.32883333,-98.4325,53,0,1,1,0,4,1,1,2,0
48,2015481411,481411,1,0,1,41,0,26,6,2015,6,20,30,8,FM 2223,,30.74235278,-96.3889,1,0,1,1,0,1,5,1,1,1
48,2015481412,481412,1,0,1,113,1730,26,6,2015,6,22,35,1,I-45 JULIUS SCHEPPS FWY,,32.73001389,-96.7641,24,0,1,1,0,4,3,2,1,1
48,2015481413,481413,1,0,5,113,1730,26,6,2015,6,1,10,6,WEBB CHAPEL RD,,32.886375,-96.8701,33,0,1,1,0,4,3,1,1,0
48,2015481414,481414,1,1,1,201,3280,26,6,2015,6,1,21,1,I-69/US-59,,29.72104444,-95.494,8,0,1,1,0,1,3,1,1,0
48,2015481415,481415,1,0,1,321,470,26,6,2015,6,17,21,3,SR-35 7TH ST,,28.98254444,-95.942,30,0,1,1,0,4,1,1,1,0
48,2015481416,481416,2,0,4,341,0,26,6,2015,6,6,50,2,US-87,FM 1913,35.69044444,-101.964,12,6,2,2,0,1,1,1,2,1
48,2015481417,481417,2,0,5,405,0,26,6,2015,6,21,56,2,US-96,,31.59626667,-94.1445,12,2,1,1,0,1,2,1,1,1
48,2015481418,481418,1,1,1,27,3690,27,6,2015,7,0,47,8,BU 190F VETERAN'S MEMORIAL,WS YOUNG DR,31.10883056,-97.7145,9,0,2,2,0,1,2,1,1,0
48,2015481419,481419,1,0,1,51,0,27,6,2015,7,17,49,8,FM 60,CR-231,30.43971667,-96.5282,5,0,2,3,0,1,1,1,1,1
48,2015481420,481420,3,0,4,141,2190,27,6,2015,7,23,19,7,US-54 GATEWAY DR,DIANA DR,31.88284167,-106.44,12,6,2,2,0,1,3,1,1,0
48,2015481421,481421,1,0,1,215,4197,27,6,2015,7,4,52,6,TRENTON RD,,26.27037222,-98.2359,30,0,1,1,0,4,3,1,1,0
48,2015481422,481422,1,0,4,271,0,27,6,2015,7,15,20,2,US-277,,29.21200278,-100.728,1,0,1,1,0,4,1,1,1,0
48,2015481423,481423,1,1,2,303,4140,27,6,2015,7,23,43,6,QUAKER AVE,,33.526525,-101.905,8,0,1,1,0,1,3,1,1,0
48,2015481424,481424,2,0,2,309,7210,27,6,2015,7,9,15,8,FS1637 OLD CHINA SPGS RD,,31.64778889,-97.2853,12,2,8,1,0,1,1,10,1,0
48,2015481425,481425,3,0,4,339,0,27,6,2015,7,15,33,8,FM2854,,30.31987222,-95.5781,12,8,1,1,0,1,1,1,1,0
48,2015481426,481426,1,1,2,381,150,27,6,2015,7,21,49,6,WESTERN ST,,35.15889444,-101.884,15,0,1,1,0,1,2,1,1,0
48,2015481427,481427,1,1,4,387,0,27,6,2015,7,21,57,2,US-82,,33.63953333,-95.2081,8,0,1,1,0,1,2,1,1,0
48,2015481428,481428,1,1,1,439,2450,27,6,2015,7,1,13,6,MARTIN ST,,32.68905,-97.2367,8,0,1,1,0,1,3,10,1,1
48,2015481429,481429,2,0,3,441,0,27,6,2015,7,15,45,2,US-84,,32.20281667,-99.7511,12,2,1,1,0,1,1,1,1,0
48,2015481430,481430,2,0,3,441,30,27,6,2015,7,1,10,6,14TH ST,WILLIS ST,32.432275,-99.7642,12,6,2,2,0,1,3,10,1,1
48,2015481431,481431,1,0,2,29,6090,28,6,2015,1,7,30,8,PA1502 WURZBACH PKWY,TOOL YARD,29.53459444,-98.4013,59,0,3,4,0,4,1,1,1,1
48,2015481432,481432,1,0,1,139,2240,28,6,2015,1,14,15,2,US-287 ENNIS AVE,,32.32723611,-96.7199,1,0,1,1,0,1,1,1,1,0
48,2015481433,481433,1,1,1,201,3280,28,6,2015,1,2,0,6,IRVINGTON BLVD,,29.80669167,-95.361,8,0,1,1,0,1,3,10,1,1
48,2015481434,481434,2,0,2,453,330,28,6,2015,1,1,51,2,US-183 ED BLUESTEIN BLVD,,30.28843333,-97.6647,12,2,1,1,0,1,2,10,1,1
48,2015481435,481435,1,0,1,373,0,29,6,2015,2,21,40,2,US-190,,30.73056111,-94.9764,53,0,1,1,0,4,2,1,1,0
48,2015481436,481436,2,0,2,409,5450,29,6,2015,2,21,20,2,US-181/SR-35,,27.87985278,-97.3205,12,2,18,1,0,1,3,10,1,0
48,2015481437,481437,1,0,1,491,3925,29,6,2015,2,3,39,8,FM2243,,30.56864722,-97.8997,32,0,1,1,0,4,2,10,1,1
48,2015481438,481438,1,1,1,167,6860,30,6,2015,3,9,26,3,SR-146,,29.49928889,-94.9955,8,0,1,1,0,4,1,10,1,0
48,2015481439,481439,1,1,1,201,3280,30,6,2015,3,0,7,6,PINEMONT DR,,29.84106944,-95.4418,8,0,1,1,0,1,2,10,1,0
48,2015481440,481440,2,0,2,289,0,30,6,2015,3,9,43,3,SR-7,,31.28409444,-95.896,51,0,1,1,0,1,1,10,1,0
48,2015481441,481441,2,0,5,361,7200,25,5,2015,2,18,10,8,FM 105/MAIN ST,,30.10158333,-94.0067,12,6,8,1,0,1,1,1,1,0
48,2015481442,481442,2,0,5,201,3280,5,6,2015,6,14,10,6,HOUSTON RD,HOWTON ST,29.81861667,-95.2699,12,6,2,2,0,1,1,1,1,0
48,2015481443,481443,1,0,2,215,1970,18,6,2015,5,1,11,8,BU-83(S)/HOOKS AVE,,26.176075,-98.0816,38,0,1,1,0,5,2,2,1,0
48,2015481444,481444,1,0,1,109,0,19,6,2015,6,6,48,8,RM 652,,31.92366111,-104.437,1,0,1,1,0,4,2,1,1,0
48,2015481445,481445,1,0,3,41,0,20,6,2015,7,13,40,3,SR-6,,30.45101111,-96.138,1,0,1,1,0,3,1,1,1,0
48,2015481446,481446,2,0,2,219,0,21,6,2015,1,20,35,2,US-385,,33.74861944,-102.328,12,2,1,1,1,1,1,1,2,1
48,2015481447,481447,1,0,1,113,3880,24,6,2015,4,19,39,6,MAIN ST,,32.59215556,-96.7634,42,0,1,1,0,4,1,1,1,0
48,2015481448,481448,2,0,3,201,480,27,6,2015,7,23,42,7,I-10,MAIN ST,29.80756111,-94.9652,12,6,2,2,0,1,3,10,1,0
48,2015481449,481449,1,0,6,371,0,28,6,2015,1,10,45,1,I-10,,30.89545,-102.345,1,0,1,1,0,3,1,1,4,0
48,2015481450,481450,2,1,5,491,2620,3,1,2015,7,20,30,1,I-35,,30.71022778,-97.649,8,0,1,1,0,1,2,1,1,0
48,2015481451,481451,1,1,1,453,330,1,6,2015,2,5,36,6,3RD ST,CONGRESS AVE,30.26523889,-97.7439,8,0,3,2,0,1,3,1,1,0
48,2015481452,481452,1,1,1,453,330,1,6,2015,2,9,55,6,1ST ST,,30.25937222,-97.7495,8,0,1,1,0,1,1,1,1,0
48,2015481453,481453,1,0,1,215,1970,6,6,2015,7,3,59,7,I-2/FRONTAGE,,26.18638333,-98.0845,31,0,1,1,0,4,2,1,1,0
48,2015481454,481454,1,1,1,181,1830,18,6,2015,5,3,0,2,US-75 RAMP,,33.71968056,-96.5842,8,0,20,1,0,1,2,2,1,0
48,2015481455,481455,2,0,3,121,5350,23,6,2015,3,20,58,2,US-377,ST JOHN RD,33.34641667,-96.9682,12,1,3,2,0,1,2,1,1,0
48,2015481456,481456,2,0,4,429,0,26,6,2015,6,22,35,2,US-180,,32.7327,-98.7415,12,6,1,1,0,1,2,1,2,0
48,2015481457,481457,2,0,3,29,4015,27,6,2015,7,21,8,7,I-35,,29.56159444,-98.3421,12,6,1,1,0,1,5,10,1,0
48,2015481458,481458,3,0,1,355,1550,27,6,2015,7,1,19,6,ALAMEDA ST,,27.72431667,-97.3613,42,0,1,1,0,4,3,10,1,1
48,2015481459,481459,1,0,1,459,2047,27,6,2015,7,6,12,6,EAST MOUNTAIN RD,,32.58518889,-94.859,42,0,1,1,0,4,4,2,1,0
48,2015481460,481460,2,0,2,39,0,29,6,2015,2,18,38,8,FM 521,,29.42156944,-95.4781,12,1,1,1,0,1,1,1,1,0
48,2015481461,481461,1,0,5,237,0,29,6,2015,2,7,0,3,SR-199,,33.07229444,-97.9549,1,0,1,1,0,4,1,1,1,0
48,2015481462,481462,1,0,1,181,0,30,6,2015,3,21,15,2,US-69 EISENHOWER PKWY,,33.77509722,-96.5326,1,0,1,1,0,1,2,1,1,1
48,2015481463,481463,1,0,2,451,0,30,6,2015,3,22,44,4,CR-388 LIPAN CREEK RD,,31.44462222,-100.141,1,0,1,1,0,4,2,1,1,0
48,2015481464,481464,1,0,1,73,0,1,7,2015,4,19,53,8,FM241,,31.71316111,-95.0795,42,0,1,1,0,4,1,10,1,0
48,2015481465,481465,1,0,1,87,0,1,7,2015,4,12,40,8,FM338,,34.84456667,-100.181,1,0,1,1,0,4,1,1,1,1
48,2015481466,481466,2,0,4,329,0,1,7,2015,4,18,8,3,SR-158,,31.92835833,-101.845,12,2,1,1,0,1,1,1,1,0
48,2015481467,481467,2,0,3,375,150,1,7,2015,4,17,22,8,SL335,SL335,35.21889167,-101.742,12,6,2,4,0,1,1,1,1,0
48,2015481468,481468,2,0,5,375,150,1,7,2015,4,21,34,6,14TH AVE,ROSS ST,35.19653056,-101.817,12,6,2,3,0,1,3,1,1,0
48,2015481470,481470,1,1,1,5,4160,2,7,2015,5,8,24,3,SR-103 ATKINSON DR,,31.34989167,-94.7048,15,0,8,1,0,2,1,1,1,0
48,2015481471,481471,1,0,1,181,0,2,7,2015,5,1,25,4,CR-KEEFER RD,,33.77032222,-96.7342,38,0,1,1,0,4,2,1,1,1
48,2015481472,481472,1,0,2,309,3769,2,7,2015,5,20,50,1,I-35,,31.62753056,-97.0957,1,0,18,1,1,1,3,1,1,0
48,2015481473,481473,1,0,1,339,0,2,7,2015,5,22,20,3,SR-249,,30.12388333,-95.6485,42,0,1,1,0,4,2,1,1,1
48,2015481474,481474,1,1,1,355,0,2,7,2015,5,8,14,3,SR-286 CHAPMAN RANCH RD,FM 43 WEBER RD,27.68825278,-97.4543,8,0,3,2,1,1,1,1,1,0
48,2015481475,481475,1,0,2,371,0,2,7,2015,5,12,50,8,FM11,,30.91368056,-102.294,1,0,1,1,0,4,1,1,1,0
48,2015481476,481476,2,0,2,453,330,2,7,2015,5,18,13,8,SS69 RAMP KOENIG LN,,30.32196111,-97.7087,12,2,20,1,0,1,1,1,1,0
48,2015481477,481477,2,0,2,485,7490,2,7,2015,5,17,38,8,SL473 OLD JACKSBORO HWY,36TH ST,33.87796944,-98.4943,12,6,2,3,0,1,1,10,1,0
48,2015481478,481478,1,0,2,3,0,3,7,2015,6,5,45,3,SR-115/176,SL1910,32.32390556,-102.516,46,0,3,2,0,4,4,1,2,0
48,2015481479,481479,2,0,2,29,6090,3,7,2015,6,16,32,6,MILITARY DR,BROWNLEAF DR,29.42955556,-98.6255,12,6,2,2,0,1,1,1,1,0
48,2015481480,481480,1,0,2,71,0,3,7,2015,6,3,0,8,FM1405,,29.70511111,-94.9155,30,0,1,1,0,4,2,1,1,1
48,2015481481,481481,2,0,3,201,3280,3,7,2015,6,23,4,6,LAURA KOPPE RD,,29.84052778,-95.3397,12,2,1,1,0,1,3,1,1,0
48,2015481482,481482,2,1,1,313,0,3,7,2015,6,3,51,1,I-45,,30.926475,-95.8201,14,0,1,1,0,2,2,1,1,0
48,2015481483,481483,1,0,1,439,2450,3,7,2015,6,23,9,6,DOTTIE LYNN PKWY,,32.74223333,-97.1732,33,0,1,1,0,4,2,1,1,1
48,2015481484,481484,2,0,2,453,330,3,7,2015,6,13,42,6,GOVALLE AVE,TILLERY ST,30.26597778,-97.7022,12,6,2,2,0,1,1,1,1,0
48,2015481485,481485,1,1,1,113,1730,4,7,2015,7,23,9,6,BURBANK ST,,32.84090556,-96.8611,8,0,1,1,0,1,3,1,1,0
48,2015481486,481486,2,0,1,143,0,4,7,2015,7,1,21,3,SR-6,,32.098575,-98.3982,14,0,1,1,0,4,2,1,1,1
48,2015481487,481487,2,0,4,187,0,4,7,2015,7,11,30,4,CR-415 LINNE RD,CR-415A KUNDE RD,29.49453333,-98.1025,12,99,2,4,0,1,1,10,1,0
48,2015481488,481488,1,0,5,281,0,4,7,2015,7,19,47,8,FM581,,31.27804167,-98.1367,35,0,1,1,0,4,1,10,1,0
48,2015481489,481489,1,1,1,283,0,4,7,2015,7,19,41,1,I-35,,28.56259167,-99.2021,8,0,1,1,0,1,1,1,1,0
48,2015481490,481490,2,0,4,347,4810,4,7,2015,7,7,50,8,SL224 STALLINGS DR,,31.58249722,-94.6229,12,2,1,1,0,1,1,1,1,0
48,2015481491,481491,2,0,3,423,0,4,7,2015,7,22,42,3,SR-31,,32.35783611,-95.1952,12,2,1,1,0,1,2,1,1,0
48,2015481492,481492,1,1,1,491,0,4,7,2015,7,1,45,4,CR-100,CHANDLER RD,30.58791944,-97.5688,8,0,2,2,0,1,2,1,1,0
48,2015481493,481493,2,0,3,29,6090,5,7,2015,1,1,44,7,I-35,TOEPPERWEIN RD,29.55460556,-98.348,12,6,2,2,0,1,3,1,1,1
48,2015481494,481494,2,0,4,29,6090,5,7,2015,1,16,16,8,FM 2252,,29.59288611,-98.3496,12,6,8,1,0,1,1,1,1,1
48,2015481495,481495,1,0,3,85,0,5,7,2015,1,5,40,8,FM 2478,CR-88,33.29133611,-96.7313,41,0,3,2,0,4,3,1,1,1
48,2015481496,481496,1,0,1,113,1730,5,7,2015,1,7,48,1,I-45,,32.77423333,-96.7783,24,0,1,1,0,4,1,1,1,0
48,2015481497,481497,1,1,1,113,1730,5,7,2015,1,20,38,1,I-35E STEMMONS FWY,,32.81901667,-96.8694,8,0,18,1,0,1,3,1,1,0
48,2015481498,481498,2,0,2,193,0,5,7,2015,1,21,0,8,FM 219,,31.88170278,-98.1179,12,2,1,1,0,1,1,1,1,1
48,2015481499,481499,2,0,2,201,3280,5,7,2015,1,7,6,7,SL-8 SAM HOUSTON PKWY,GENOA RED BLUFF RD,29.63040833,-95.1713,12,6,2,2,0,1,1,1,1,1
48,2015481500,481500,1,0,2,201,3280,5,7,2015,1,16,45,6,WAYSIDE DR,,29.82241111,-95.2843,38,0,1,1,0,5,1,1,1,1
48,2015481501,481501,2,0,3,213,0,5,7,2015,1,9,55,3,SR-198,,32.26179444,-96.0567,12,2,1,1,0,1,1,1,1,0
48,2015481502,481502,1,0,4,245,5430,5,7,2015,1,6,52,3,SR-87 GULFWAY DR,,29.90798333,-93.9203,43,0,1,1,0,5,1,1,1,0
48,2015481503,481503,1,0,3,339,0,5,7,2015,1,9,20,8,FM 1486,,30.35645833,-95.7766,32,0,1,1,0,4,1,1,1,0
48,2015481504,481504,1,0,2,309,7210,5,7,2015,1,2,12,1,I-35,,31.56494444,-97.1164,24,0,1,1,0,4,3,1,1,1
48,2015481505,481505,2,0,2,431,0,5,7,2015,1,15,28,3,SR-158,,31.85638056,-101.112,12,2,1,1,1,1,1,10,1,0
48,2015481506,481506,2,1,1,71,0,6,7,2015,2,16,24,1,I-10,,29.823575,-94.8774,14,0,1,1,0,2,1,1,2,0
48,2015481507,481507,2,0,2,147,0,6,7,2015,2,13,15,3,SR-78,,33.49508333,-96.1629,12,2,1,1,0,1,1,1,1,0
48,2015481508,481508,1,1,1,231,0,6,7,2015,2,21,58,3,SR-276 QUINLAN PKWY,,32.90338889,-96.0587,8,0,1,1,0,1,2,1,1,0
48,2015481509,481509,2,0,8,315,0,6,7,2015,2,14,0,3,SR-49,,32.83924167,-94.5131,12,6,8,1,0,1,1,1,1,0
48,2015481510,481510,1,0,1,389,0,6,7,2015,2,6,25,8,RM 652,,31.82090556,-104.022,1,0,1,1,0,4,4,1,1,0
48,2015481511,481511,2,0,2,113,1730,7,7,2015,3,2,37,1,I-30,,32.76898056,-96.8032,23,0,19,1,1,4,3,1,1,1
48,2015481512,481512,2,0,2,113,1730,7,7,2015,3,21,0,3,SR-352/SCYNNE RD,LOGANWOOD RD,32.76343333,-96.694,12,6,2,3,0,1,3,1,1,1
48,2015481513,481513,1,1,3,29,0,8,7,2015,4,6,58,2,US-90,,29.37510278,-98.7585,9,0,20,1,0,1,1,1,1,0
48,2015481514,481514,1,1,3,29,6090,8,7,2015,4,22,12,1,I-10,,29.39436944,-98.4797,8,0,18,1,0,1,3,10,1,0
48,2015481515,481515,1,1,1,113,1730,8,7,2015,4,21,29,1,I-35/STEMMONS FWY,,32.80575556,-96.839,8,0,1,1,0,1,3,1,1,0
48,2015481516,481516,1,0,1,225,0,8,7,2015,4,15,44,4,CR-2125/PIPELINE RD,,31.41253056,-95.5603,42,0,1,1,0,4,1,10,1,0
48,2015481517,481517,2,1,2,453,330,8,7,2015,4,21,54,6,CONGRESS AVE,CUMBERLAND RD,30.23535556,-97.7565,8,0,3,3,0,1,3,1,1,0
48,2015481518,481518,2,0,2,491,0,8,7,2015,4,8,45,8,FM 734/PARMER LN,TAMAYO DR,30.45585,-97.7527,12,6,2,3,0,1,1,1,1,0
48,2015481519,481519,2,0,4,1,0,9,7,2015,5,10,44,3,SR-294,,31.65336389,-95.7613,12,2,1,1,0,1,1,1,2,0
48,2015481520,481520,2,0,2,29,6090,9,7,2015,5,13,12,7,I-10,ACKERMAN RD,29.43814722,-98.3809,12,6,2,2,0,1,1,1,1,0
48,2015481521,481521,1,1,1,29,6090,9,7,2015,5,21,10,8,SS536 ROOSEVELT AVE,,29.35444167,-98.4812,8,0,1,1,0,1,3,1,1,0
48,2015481522,481522,1,1,1,29,6090,9,7,2015,5,23,56,6,WURZBACH RD,,29.52688611,-98.5665,8,0,1,1,0,1,3,1,1,0
48,2015481523,481523,2,0,3,131,0,9,7,2015,5,0,32,2,US-59,,27.90088333,-98.5816,24,0,1,1,0,4,2,1,1,0
48,2015481524,481524,2,0,5,375,0,9,7,2015,5,22,0,2,US-287,PARSLEY RD,35.19270833,-101.689,12,1,3,3,0,1,2,2,1,0
48,2015481525,481525,2,0,4,29,0,10,7,2015,6,11,36,4,CR-BORGFELD RD,,29.71257778,-98.465,12,2,1,1,1,1,1,1,1,0
48,2015481526,481526,1,0,1,51,0,10,7,2015,6,7,0,8,FM1361,,30.36426389,-96.5066,1,0,1,1,0,4,4,1,1,0
48,2015481527,481527,2,0,2,103,0,10,7,2015,6,17,34,3,SR-329,FM1601,31.39736667,-102.449,12,6,2,4,0,1,1,1,1,0
48,2015481528,481528,1,0,1,143,0,10,7,2015,6,7,41,2,US-281,,32.0367,-98.0835,59,0,1,1,0,4,1,1,1,0
48,2015481529,481529,2,0,4,349,0,10,7,2015,6,20,10,1,I-45,,32.09972222,-96.4413,12,6,1,1,0,1,1,1,1,0
48,2015481531,481531,2,0,3,141,2190,11,7,2015,7,12,30,2,US-62/MONTANA AVE,,31.8077,-106.257,12,6,8,1,0,1,1,1,1,0
48,2015481532,481532,2,0,3,185,0,11,7,2015,7,0,49,3,SR-30,CR-175,30.60343333,-96.1723,12,6,2,3,0,1,2,1,1,1
48,2015481533,481533,2,0,5,249,0,12,7,2015,1,16,23,2,US-281,,27.84046944,-98.0849,12,6,1,1,0,1,1,1,1,0
48,2015481534,481534,1,0,1,423,0,12,7,2015,1,19,52,4,CR-313,,32.46808056,-95.1899,23,0,1,1,0,4,1,1,1,0
48,2015481535,481535,1,0,1,23,0,13,7,2015,2,15,25,2,US-183,,33.51948889,-99.271,59,0,1,1,0,4,1,1,1,1
48,2015481536,481536,3,0,3,85,5390,13,7,2015,2,21,53,2,US-75/CENTRAL EXPY,,33.00587222,-96.7078,12,1,18,1,0,1,3,1,2,0
48,2015481538,481538,3,1,2,439,2450,13,7,2015,2,19,40,6,PUTNAM ST,GREENLEE ST,32.74158333,-97.2279,9,0,2,2,0,1,1,1,1,0
48,2015481539,481539,2,0,2,27,6810,14,7,2015,3,23,41,8,FM 2305/ADAMS AVE,KEGLEY RD,31.11322222,-97.4003,12,6,2,2,0,1,3,1,1,0
48,2015481540,481540,2,0,2,207,0,14,7,2015,3,21,55,2,US-380,,33.16783056,-99.7818,12,2,1,1,0,1,2,1,1,1
48,2015481541,481541,2,0,3,439,2450,14,7,2015,3,16,26,3,SR-180 LANCASTER AVE,,32.72923333,-97.1921,12,2,1,1,0,1,1,1,2,0
48,2015481542,481542,1,0,1,499,0,14,7,2015,3,17,0,3,SR-154,,32.79877778,-95.3752,32,0,1,1,0,4,1,1,1,0
48,2015481543,481543,1,0,1,121,1840,15,7,2015,4,13,34,8,FM2449,,33.17701389,-97.1931,42,0,1,1,0,4,1,1,1,0
48,2015481544,481544,1,1,1,441,30,15,7,2015,4,0,2,8,BI20R 1ST ST,,32.45212222,-99.7841,8,0,1,1,0,1,2,1,1,1
48,2015481545,481545,1,1,1,453,330,16,7,2015,5,2,23,2,US-183 ED BLUESTEIN BLVD,,30.30253611,-97.6611,8,0,1,1,0,1,3,1,1,0
48,2015481546,481546,2,0,2,201,480,17,7,2015,6,2,16,1,I-10,,29.80002778,-95.0168,12,2,1,1,0,1,3,1,1,0
48,2015481547,481547,4,0,5,453,330,1,5,2015,6,9,17,8,SL111 AIRPORT BLVD,,30.24723056,-97.6905,12,7,18,1,0,1,1,1,1,0
48,2015481548,481548,4,0,7,201,3280,2,6,2015,3,13,40,1,I-45 GULF FWY,,29.68675833,-95.2791,12,7,1,1,0,1,1,10,1,0
48,2015481549,481549,1,1,1,201,3280,5,6,2015,6,6,11,7,I-610,,29.67746944,-95.4582,9,0,1,1,0,1,1,1,1,0
48,2015481550,481550,2,0,2,453,0,19,6,2015,6,22,32,8,FM1327,,30.11073611,-97.7778,12,6,1,1,0,1,2,10,1,0
48,2015481551,481551,1,0,1,459,0,21,6,2015,1,1,20,2,US-271,,32.60475278,-94.9141,1,0,1,1,0,4,2,10,1,1
48,2015481552,481552,2,0,3,201,3280,25,6,2015,5,23,4,1,I-610 NORTH LP,,29.81378611,-95.3658,12,1,18,1,0,1,3,1,1,0
48,2015481553,481553,1,1,1,395,0,26,6,2015,6,15,5,8,FM 46 MAIN ST,COLORADO ST,31.16328333,-96.677,8,0,1,1,0,1,1,10,1,0
48,2015481554,481554,1,0,2,219,0,27,6,2015,7,0,30,4,CR-CACTUS DR,,33.58605556,-102.313,1,0,1,1,0,4,2,1,1,1