STATE,YEAR_ST_CASE,ST_CASE,VE_TOTAL,PEDS,PERSONS,COUNTY,CITY,DAY,MONTH,YEAR,DAY_WEEK,HOUR,MINUTE,ROUTE,TWAY_ID,TWAY_ID2,LATITUDE,LONGITUD,HARM_EV,MAN_COLL,RELJCT2,TYP_INT,WRK_ZONE,REL_ROAD,LGT_COND,WEATHER,FATALS,DRUNK_DR
48,2015482757,482757,4,0,5,451,0,17,11,2015,3,17,43,8,FM2288,,31.47385833,-100.539,54,11,1,1,0,1,5,1,1,0
48,2015482758,482758,2,0,4,55,0,18,11,2015,4,16,40,8,FM672,FM1854,29.94210278,-97.5868,12,6,2,2,0,1,1,10,1,0
48,2015482759,482759,1,1,4,113,2590,18,11,2015,4,21,25,3,SR-78 GARLAND AVE,,32.89017778,-96.652,8,0,1,1,0,1,3,1,1,0
48,2015482760,482760,2,0,2,135,0,18,11,2015,4,5,0,8,SL338,,31.84006111,-102.298,12,2,1,1,0,1,2,1,1,0
48,2015482761,482761,1,1,1,339,0,18,11,2015,4,10,40,4,CR-SHADOW BEND PL,SYLVAN FOREST DR,30.17412778,-95.5052,9,0,3,3,0,1,1,1,1,0
48,2015482762,482762,2,0,3,3,0,19,11,2015,5,14,51,3,SR-176,,32.42548056,-103.013,12,8,1,1,0,1,1,1,1,0
48,2015482763,482763,1,1,1,157,0,19,11,2015,5,6,0,2,US-90,,29.53477778,-96.038,9,0,1,1,0,1,2,1,1,0
48,2015482764,482764,1,0,1,181,0,19,11,2015,5,6,32,4,CR-PRESTON RD,,33.78295,-96.6327,53,0,1,1,0,4,2,1,1,0
48,2015482765,482765,2,0,2,273,3700,19,11,2015,5,17,8,8,BU-77V 6TH ST,,27.48162222,-97.8677,12,2,1,1,0,1,1,1,1,0
48,2015482766,482766,1,0,1,29,6090,20,11,2015,6,3,7,6,AMANDA ST,,29.40904722,-98.4368,21,0,1,1,0,4,3,1,1,1
48,2015482767,482767,1,0,1,389,0,20,11,2015,6,17,40,1,I-10,,31.01215556,-103.795,1,0,1,1,1,3,1,1,1,0
48,2015482768,482768,1,0,1,29,6090,21,11,2015,7,7,8,6,MILITARY DR,,29.44556111,-98.642,33,0,1,1,0,4,4,1,1,0
48,2015482769,482769,2,0,3,29,6090,21,11,2015,7,10,9,7,SL 1604,MILITARY DR,29.60001944,-98.564,12,6,2,2,0,1,1,1,1,0
48,2015482770,482770,1,2,2,41,1440,21,11,2015,7,0,49,8,FM 2347 GEORGE BUSH DR,DEXTER DR,30.60898056,-96.3343,8,0,3,2,0,1,3,1,1,1
48,2015482771,482771,2,0,2,113,1539,21,11,2015,7,10,20,6,BELT LINE RD,LAKESHORE DR,32.93508333,-96.9937,33,0,3,3,0,3,1,1,1,2
48,2015482772,482772,1,1,1,157,0,21,11,2015,7,18,28,3,SR-6,,29.50195556,-95.4508,9,0,1,1,0,1,2,1,1,0
48,2015482774,482774,1,0,1,265,0,21,11,2015,7,6,40,3,SR-39,,30.07153611,-99.2606,42,0,1,1,0,4,4,1,1,1
48,2015482775,482775,2,0,2,303,0,21,11,2015,7,11,52,7,I-27,,33.80762222,-101.837,12,6,1,1,0,4,1,1,1,0
48,2015482776,482776,1,0,1,423,0,21,11,2015,7,0,15,8,FM 2868,,32.20417222,-95.386,42,0,1,1,0,4,2,10,1,0
48,2015482777,482777,2,2,1,141,0,22,11,2015,1,12,49,1,I-10,,31.95686667,-106.583,14,0,1,1,0,2,1,1,2,0
48,2015482778,482778,1,0,3,201,3280,22,11,2015,1,11,7,6,CHIMNEY ROCK RD,,29.64571389,-95.4822,42,0,1,1,0,4,1,1,2,1
48,2015482779,482779,1,0,1,389,0,22,11,2015,1,15,45,1,I-10,,30.96838056,-103.494,1,0,1,1,0,3,1,1,1,0
48,2015482780,482780,2,0,5,401,0,22,11,2015,1,19,15,2,US-79,CR-445,32.06509722,-94.9089,12,2,1,1,0,1,2,1,1,1
48,2015482781,482781,1,0,4,139,0,23,11,2015,2,23,8,4,CR-OLD BUENA VISTA RD,,32.34182778,-96.9882,42,0,1,1,0,4,2,1,1,0
48,2015482782,482782,5,0,7,439,2450,23,11,2015,2,11,15,1,I-35W NORTH FWY,,32.91750278,-97.3173,12,1,1,1,1,1,1,1,1,0
48,2015482783,482783,1,0,1,37,6850,24,11,2015,3,9,29,6,OLD BUCHANAN RD,GARBER ST,33.40732778,-94.0649,33,0,3,3,0,4,9,99,1,0
48,2015482784,482784,1,1,1,201,0,24,11,2015,3,18,30,4,CR-HOPPER RD,,29.87960278,-95.3372,8,0,1,1,0,1,3,1,1,0
48,2015482785,482785,2,0,2,201,3280,24,11,2015,3,16,55,7,I-10 KATY FWY,,29.78569167,-95.7293,12,7,1,1,0,1,5,1,1,0
48,2015482786,482786,1,0,3,245,0,24,11,2015,3,15,25,2,US-90,,30.03606667,-94.4205,42,0,1,1,0,4,1,1,3,0
48,2015482787,482787,1,1,1,453,9997,25,11,2015,4,18,41,3,SR-71,,30.30590833,-97.9383,8,0,1,1,0,1,2,1,1,0
48,2015482788,482788,2,0,4,113,1730,26,11,2015,5,15,25,1,I-20 LBJ FWY,,32.6633,-96.7236,12,7,1,1,0,1,1,2,1,0
48,2015482789,482789,1,0,1,113,1730,26,11,2015,5,5,0,7,I-35E STEMMONS FWY,,32.86640556,-96.8956,1,0,1,1,0,10,2,10,1,1
48,2015482790,482790,1,1,6,201,0,26,11,2015,5,19,38,4,CR-FAIRBANKS N HOUSTON RD,CR-BATTLEOAK DR,29.88280556,-95.5247,8,0,2,3,0,1,2,1,1,0
48,2015482791,482791,2,0,4,359,0,26,11,2015,5,21,47,1,I-40,,35.24838611,-102.792,12,6,1,1,0,1,2,3,3,0
48,2015482792,482792,1,0,6,13,0,27,11,2015,6,16,5,3,SR-16 BLUEWIND,,29.10143611,-98.5931,1,0,1,1,0,3,1,2,2,0
48,2015482793,482793,4,0,4,133,0,27,11,2015,6,11,15,2,US-183,,32.26420556,-98.9583,12,2,1,1,0,1,1,2,1,0
48,2015482794,482794,2,0,3,183,4080,27,11,2015,6,12,11,8,SL281,FM2751 AIRLINE RD,32.54210278,-94.7396,12,6,2,2,0,1,1,10,1,0
48,2015482795,482795,1,0,1,303,4140,27,11,2015,6,8,28,2,US-62/87 MARSHA SHARP FWY,,33.56361111,-101.924,26,0,1,1,0,3,1,3,1,0
48,2015482796,482796,1,0,2,419,0,27,11,2015,6,1,35,3,SR-7,,31.65849722,-94.3904,42,0,1,1,0,4,2,10,1,1
48,2015482797,482797,2,0,5,5,0,28,11,2015,7,15,43,2,US-69,SR-7,31.45160833,-94.8671,12,2,2,2,0,1,1,2,1,0
48,2015482798,482798,2,0,3,113,1730,29,11,2015,1,15,20,2,US-67 MARVIN D LOVE FWY,,32.70483611,-96.8321,12,1,1,1,0,1,1,10,1,0
48,2015482799,482799,2,0,3,67,0,29,11,2015,1,12,5,2,US-59,,33.07445556,-94.2542,12,6,1,1,0,1,1,2,2,0
48,2015482801,482801,3,0,4,491,0,16,11,2015,2,22,35,3,SR-195,SUN CITY BLVD,30.73661389,-97.692,12,9,3,2,0,1,3,2,1,0
48,2015482802,482802,3,0,6,113,3420,19,11,2015,5,18,48,3,SR-183 AIRPORT FWY,,32.83659444,-96.9234,12,2,18,1,1,1,3,1,2,1
48,2015482803,482803,2,0,5,229,0,19,11,2015,5,9,5,2,US-62,,31.83792222,-105.758,12,2,1,1,0,1,1,1,2,1
48,2015482804,482804,2,0,2,465,1820,23,11,2015,2,8,39,2,US-90,CHISOLM TRL,29.42616389,-100.907,12,6,2,2,0,1,1,1,1,0
48,2015482805,482805,2,0,3,179,0,26,11,2015,5,9,5,3,SR-70,,35.43148056,-100.974,12,6,1,1,0,1,1,2,2,0
48,2015482806,482806,1,1,2,439,2450,28,11,2015,7,18,33,6,COLE ST,,32.68291667,-97.3158,8,0,1,1,0,1,3,2,1,0
48,2015482807,482807,2,0,3,183,0,30,11,2015,2,7,52,4,CR-1466 TRYON RD,,32.5616,-94.724,12,2,1,1,0,1,1,10,1,0
48,2015482808,482808,1,1,1,453,330,30,11,2015,2,5,23,7,I-35,,30.1786,-97.779,8,0,1,1,0,1,2,2,1,0
48,2015482809,482809,1,1,1,453,330,8,9,2015,3,21,2,6,MANCHACA RD,,30.20775833,-97.8054,8,0,1,1,0,1,3,1,1,0
48,2015482810,482810,2,0,3,163,0,10,10,2015,7,2,4,8,FM 462,,29.06665833,-99.0234,12,1,1,1,0,1,2,1,1,0
48,2015482811,482811,2,1,2,453,330,13,10,2015,3,22,59,6,OLTORF ST,,30.23589167,-97.756,8,0,1,1,0,1,3,1,1,0
48,2015482812,482812,1,0,2,109,0,13,11,2015,6,15,55,1,I-10,,31.05568889,-104.583,1,0,1,1,0,10,1,1,1,0
48,2015482813,482813,1,0,2,143,1990,13,11,2015,6,13,11,6,HIGHLAND AVE,,32.091125,-98.3493,32,0,1,1,0,4,1,1,1,0
48,2015482814,482814,1,0,1,337,0,16,11,2015,2,19,10,2,US-81,,33.43588056,-97.7615,1,0,5,1,0,8,2,2,1,0
48,2015482815,482815,3,0,11,135,0,17,11,2015,3,19,37,8,FM 2020,CR-MOSS,31.841925,-102.497,12,6,2,2,0,1,2,1,1,0
48,2015482816,482816,2,0,2,495,0,17,11,2015,3,16,50,3,SR-302,CR-101,31.82518056,-103.168,12,1,3,2,0,1,1,1,1,0
48,2015482817,482817,1,0,1,335,0,18,11,2015,4,19,28,3,SR-208,,32.476075,-100.861,1,0,1,1,0,1,2,1,1,1
48,2015482818,482818,1,0,1,49,950,21,11,2015,7,11,18,8,FM 2524 AUSTIN AVE,DUKE ST,31.72856667,-98.99,33,0,3,3,0,4,1,6,1,0
48,2015482819,482819,1,0,1,201,3280,22,11,2015,1,3,24,6,STOKES,,29.81906389,-95.3795,18,0,1,1,0,1,2,1,1,1
48,2015482820,482820,2,0,3,477,0,22,11,2015,1,18,30,2,US-290,MALINOWSKI LN,30.12859722,-96.1976,12,6,2,3,0,1,2,1,2,1
48,2015482821,482821,1,1,1,157,0,23,11,2015,2,17,33,3,SR-6,WOODBRIDGE ESTATES DR,29.655375,-95.6475,8,0,2,2,0,1,1,1,1,0
48,2015482822,482822,2,0,3,167,0,23,11,2015,2,13,37,1,I-45,,29.31209444,-94.9102,12,7,1,1,0,1,1,1,1,0
48,2015482823,482823,2,0,3,337,0,23,11,2015,2,17,45,2,US-81,,33.51691111,-97.8184,12,6,18,1,0,1,2,1,1,0
48,2015482824,482824,2,0,6,115,0,24,11,2015,3,22,44,2,US-180,US-87,32.70198889,-101.919,12,6,2,2,0,1,2,1,1,0
48,2015482825,482825,1,1,1,201,3280,24,11,2015,3,18,20,6,BELLAIRE BLVD,,29.70519167,-95.5272,8,0,1,1,0,1,2,1,1,0
48,2015482826,482826,2,0,3,113,1730,25,11,2015,4,15,53,6,PLANO RD,,32.86517222,-96.7005,12,6,8,1,0,1,1,1,1,0
48,2015482827,482827,2,0,2,149,3790,25,11,2015,4,14,58,2,US-77 JEFFERSON,SR-71,29.920425,-96.8811,12,6,2,2,0,1,1,10,1,0
48,2015482828,482828,2,0,4,331,0,25,11,2015,4,15,30,2,US-77,,30.9015,-96.9789,12,2,1,1,0,1,1,10,1,0
48,2015482829,482829,1,1,1,339,0,26,11,2015,5,22,24,3,SR-249,,30.16978889,-95.6808,8,0,1,1,0,1,2,2,1,0
48,2015482830,482830,2,0,6,113,1730,27,11,2015,6,13,15,2,US-175 CF HAWN FWY,,32.71361944,-96.684,12,1,18,1,0,1,1,2,2,0
48,2015482831,482831,1,0,4,303,4140,27,11,2015,6,5,28,7,SL289,,33.57438056,-101.944,30,0,1,1,0,4,3,3,3,1
48,2015482832,482832,2,1,2,29,6090,28,11,2015,7,6,40,8,SL345 FREDERICKSBURG RD,,29.47283889,-98.5344,8,0,1,1,0,1,3,2,1,0
48,2015482833,482833,1,0,1,309,0,28,11,2015,7,8,30,4,CR-WINCHESTER DR,,31.32805833,-97.2956,43,0,1,1,0,4,4,2,1,1
48,2015482834,482834,1,1,1,29,6090,30,11,2015,2,20,58,6,EISENHAUER RD,MIDCROWN DR,29.496575,-98.3842,8,0,3,2,0,1,3,10,1,0
48,2015482835,482835,1,1,1,77,0,30,11,2015,2,9,40,2,US-287,,33.77907778,-98.1516,8,0,8,1,0,1,1,10,1,0
48,2015482836,482836,2,0,6,159,0,30,11,2015,2,15,5,2,US-67,,33.18078889,-95.1638,12,2,1,1,0,4,1,2,1,0
48,2015482837,482837,1,0,1,201,3280,30,11,2015,2,0,50,6,WOODLAND PARK DR,SOUTHLAKE DR,29.741425,-95.5818,42,0,3,3,0,4,3,1,1,1
48,2015482838,482838,1,1,4,201,3280,30,11,2015,2,0,30,3,SR-6,,29.77460278,-95.6437,8,0,1,1,0,1,2,2,1,0
48,2015482840,482840,1,1,1,21,2160,6,7,2015,2,2,0,6,C AVE,,30.34226944,-97.3694,8,0,1,1,0,1,6,1,1,0
48,2015482841,482841,1,1,2,123,1670,8,10,2015,5,19,26,2,US-183 ESPLANADE,,29.10758333,-97.2833,8,0,1,1,0,1,2,1,1,0
48,2015482842,482842,1,1,1,201,3280,31,10,2015,7,5,20,1,I-45 ST JOSEPH PKWY,,29.74209167,-95.3573,8,0,1,1,0,1,3,10,1,0
48,2015482843,482843,2,0,3,167,2570,5,11,2015,5,23,32,8,FM3005 SAN LUIS PASS RD,8 MILE RD,29.23784167,-94.8843,12,6,2,2,0,1,2,1,1,1
48,2015482844,482844,1,1,3,75,9997,17,11,2015,3,20,36,2,US-69 DICKINSON DR,,31.80605556,-95.1521,8,0,1,1,0,1,3,10,1,0
48,2015482845,482845,2,0,2,339,0,20,11,2015,6,13,30,8,FM1314,,30.1024,-95.2299,12,1,1,1,0,1,1,1,1,0
48,2015482846,482846,2,0,5,317,0,21,11,2015,7,7,41,3,SR-349,,32.25980556,-102.152,12,2,1,1,0,1,1,1,2,1
48,2015482847,482847,1,0,1,113,3350,23,11,2015,2,7,39,1,I-45,,32.65421111,-96.7139,26,0,1,1,0,3,1,1,1,0
48,2015482849,482849,1,1,3,29,6090,27,11,2015,6,18,0,8,FM1957 POTRANCO RD,,29.45374722,-98.6362,8,0,8,1,0,1,3,2,1,0
48,2015482850,482850,1,1,1,29,6090,28,11,2015,7,10,0,7,I-35 PAN AM EXPY,,29.43849722,-98.4551,8,0,1,1,0,1,9,2,1,0
48,2015482851,482851,2,0,3,85,2520,29,11,2015,1,14,44,2,US-380,,33.21891389,-96.797,12,6,1,1,1,1,9,2,1,0
48,2015482852,482852,1,0,1,41,0,30,11,2015,2,6,2,8,FM 159,,30.39848889,-96.241,38,0,1,1,0,5,2,2,1,0
48,2015482853,482853,2,0,2,113,1730,30,11,2015,2,9,30,6,CLIFF CREEK CROSSINGS DR,CHRYSALIS DR,32.64982778,-96.8594,12,6,2,2,0,1,1,1,1,0
48,2015482854,482854,1,0,1,479,3899,3,4,2015,6,20,44,8,SL 20/BOB BULLOCK LOOP,,27.53407222,-99.4486,31,0,1,1,0,5,3,1,1,0
48,2015482855,482855,2,0,2,479,3899,28,8,2015,6,4,36,3,SR-359,EG RANCH RD,27.48572778,-99.402,12,1,3,2,0,1,3,1,1,1
48,2015482856,482856,3,0,3,355,1550,22,9,2015,3,19,33,2,US-181,,27.80180556,-97.397,12,2,1,1,0,1,5,1,1,1
48,2015482857,482857,2,0,4,141,2190,9,10,2015,6,22,20,1,I-10RAMP,,31.76497222,-106.484,12,2,20,1,0,1,3,1,1,1
48,2015482858,482858,1,1,2,113,1730,15,11,2015,1,19,18,1,I-345/CENTRAL EXPWY,,32.79199167,-96.7926,8,0,18,1,0,1,3,2,1,0
48,2015482859,482859,3,0,3,305,0,23,11,2015,2,16,40,2,US-87,,33.02123889,-101.807,12,1,1,1,0,1,1,1,1,0
48,2015482860,482860,2,0,2,29,6090,24,11,2015,3,7,18,8,PA 1502/WURZBACH PKWY,,29.53517222,-98.3982,12,6,1,1,0,1,1,10,1,0
48,2015482861,482861,1,0,1,201,3280,29,11,2015,1,7,8,1,I-45 NORTH FWY,,29.78968611,-95.3717,25,0,1,1,0,3,1,10,1,1
48,2015482862,482862,2,0,2,113,2800,10,11,2015,3,17,52,8,FM1382 BELTLINE RD,,32.69830556,-96.9912,12,6,8,1,0,1,2,1,1,0
48,2015482863,482863,1,1,1,309,545,24,2,2015,3,6,32,7,I-35,SL340,31.60399444,-97.1058,8,0,2,2,0,1,3,10,1,0
48,2015482864,482864,2,0,7,85,5730,8,11,2015,1,13,19,6,RENNER RD,SHILOH RD,32.99700833,-96.6652,12,6,2,2,0,1,1,1,1,0
48,2015482865,482865,2,0,3,141,2190,10,11,2015,3,12,53,6,COPPER AVE,ALABAMA ST,31.79046389,-106.466,12,6,2,2,0,1,1,1,1,0
48,2015482866,482866,2,0,4,157,0,13,11,2015,6,22,0,4,CR-COTTONWOOD CHURCH RD,,29.51826944,-95.8433,42,0,1,1,0,4,2,1,1,1
48,2015482867,482867,2,0,3,165,6270,15,11,2015,1,11,23,2,US-62/385 RAILROAD AVE,SR-83,32.94425,-102.557,12,11,2,2,0,1,1,10,1,0
48,2015482868,482868,2,0,16,215,0,23,11,2015,2,14,45,8,FM2062 CR-BENTSEN PALM DR,CR-LAMPSHIRE AVE,26.21426944,-98.3742,12,8,3,3,0,1,1,1,2,0
48,2015482869,482869,3,0,3,53,0,24,11,2015,3,7,44,2,US-281 AMERICAN LEGION MEM HWY,,30.48310556,-98.3168,12,7,8,1,0,1,1,10,1,0
48,2015482870,482870,3,0,6,217,0,29,11,2015,1,12,38,3,SR-171 LIVE OAK,,31.89593611,-96.8496,12,2,1,1,0,1,1,2,1,0
48,2015482871,482871,2,0,3,29,0,1,12,2015,3,19,1,2,US-281 AMERICAN LEGION MEM HWY,CR-BORGFELD DR,29.71009167,-98.4488,12,6,2,3,0,1,2,1,2,0
48,2015482872,482872,3,0,6,141,2190,1,12,2015,3,14,28,1,I-10,,31.916,-106.583,12,1,1,1,1,1,1,1,1,0
48,2015482873,482873,1,1,1,201,3280,1,12,2015,3,0,35,1,I-69/US-59 RAMP,,29.67357778,-95.5449,8,0,20,1,0,1,3,10,1,0
48,2015482874,482874,2,0,8,227,640,1,12,2015,3,18,21,2,US-87 GREGG ST,17TH ST,32.23798333,-101.473,12,1,3,2,0,1,3,1,1,1
48,2015482875,482875,2,0,2,363,0,1,12,2015,3,9,44,2,US-281,CR-BRANNON LN,32.97158333,-98.0641,12,6,2,2,0,1,1,1,1,0
48,2015482876,482876,1,0,2,423,7070,1,12,2015,3,21,48,4,CR-2120 OLD BASCOM RD,,32.29419722,-95.243,42,0,1,1,0,4,3,1,1,1
48,2015482877,482877,2,0,2,441,30,1,12,2015,3,9,8,7,US-83 DANVILLE DR,FM89 BUFFALO GAP RD,32.40214444,-99.7579,12,6,2,2,0,1,1,10,1,0
48,2015482878,482878,2,0,3,469,7190,1,12,2015,3,18,23,3,SR-185 LAURENT ST,BU59T RIO GRANDE ST,28.80616111,-96.991,12,6,2,2,0,1,3,1,1,0
48,2015482879,482879,3,0,4,31,0,2,12,2015,4,15,12,2,US-290,,30.27119167,-98.4301,12,1,8,1,0,1,1,1,1,0
48,2015482880,482880,2,0,3,167,6860,2,12,2015,4,19,15,8,FM1764 PALMER HWY,26TH ST,29.39520833,-94.9317,12,6,2,3,0,1,3,1,1,0
48,2015482881,482881,2,0,2,201,3280,2,12,2015,4,9,53,7,SR-288 SOUTH FWY,HOLMES RD,29.675175,-95.3811,12,6,3,3,0,1,1,10,1,0
48,2015482882,482882,2,0,3,209,0,2,12,2015,4,9,34,2,US-290,,30.19655,-97.9987,12,2,1,1,0,1,1,1,2,1
48,2015482883,482883,1,0,2,283,0,2,12,2015,4,13,31,1,I-35,,28.5178,-99.2156,24,0,1,1,1,3,1,1,1,0
48,2015482884,482884,2,0,2,375,0,2,12,2015,4,14,45,3,SR-136,,35.51470278,-101.643,12,2,1,1,0,1,1,1,1,0
48,2015482885,482885,4,0,5,423,0,2,12,2015,4,13,23,8,FM2493 OLD JACKSONVILLE HWY,,32.24750278,-95.3487,12,8,1,1,0,1,1,10,2,0
48,2015482886,482886,2,0,3,439,3813,2,12,2015,4,21,23,3,SR-199 JACKSBORO HWY,FM1886 CONFEDERATE PARK RD,32.82638611,-97.4801,12,6,2,2,0,1,2,1,1,1
48,2015482887,482887,2,0,2,27,3690,3,12,2015,5,14,49,8,FM3470 STAN SCHLUETER LP,,31.08724444,-97.791,12,6,8,1,0,1,1,1,1,0
48,2015482888,482888,1,1,1,29,6090,3,12,2015,5,1,56,6,DAWSON ST,,29.426325,-98.4684,8,0,1,1,0,1,2,1,1,0
48,2015482889,482889,2,0,2,37,6850,3,12,2015,5,16,12,8,SL14 TEXAS BLVD,40TH ST,33.45562778,-94.0531,12,6,2,3,0,1,1,1,1,1
48,2015482890,482890,2,0,2,67,4000,3,12,2015,5,9,12,2,US-59,SR-11 HOUSTON ST,33.01299722,-94.3529,12,6,2,3,0,1,1,1,1,0
48,2015482891,482891,1,1,2,91,4870,3,12,2015,5,0,28,1,I-35,,29.71297778,-98.0892,8,0,1,1,0,1,3,1,1,0
48,2015482892,482892,2,0,3,201,0,3,12,2015,5,17,54,4,CR-RAMSEY RD,,30.00543611,-95.0511,12,1,1,1,0,1,2,1,1,0
48,2015482893,482893,1,0,1,201,0,3,12,2015,5,21,16,8,FM526 LAKE HOUSTON PKWY,,29.82939444,-95.209,30,0,1,1,0,4,3,1,1,1
48,2015482894,482894,1,1,1,201,3280,3,12,2015,5,17,42,3,SR-3/GALVESTON RD,,29.57846111,-95.1562,8,0,1,1,0,3,5,1,1,0
48,2015482895,482895,1,0,1,241,0,3,12,2015,5,9,33,2,US-190,,30.89251944,-94.0486,42,0,1,1,0,4,1,1,1,0
48,2015482896,482896,2,0,3,277,0,3,12,2015,5,17,3,2,US-271,CR-33860,33.75133056,-95.5446,12,6,2,3,0,1,1,1,1,0
48,2015482897,482897,1,0,1,325,0,3,12,2015,5,15,15,2,US-90,,29.31430556,-99.3763,1,0,1,1,0,3,1,1,1,0
48,2015482898,482898,1,0,2,355,1550,3,12,2015,5,11,43,2,US-181,,27.83040278,-97.3862,25,0,1,1,0,3,1,1,2,0
48,2015482900,482900,1,0,1,441,30,3,12,2015,5,23,22,2,US-83/277,,32.51736111,-99.7508,31,0,5,1,0,3,2,1,1,1
48,2015482901,482901,2,0,3,453,0,3,12,2015,5,7,45,3,SR-71,,30.28505,-97.9166,12,2,1,1,0,1,1,1,1,0
48,2015482902,482902,2,0,2,453,0,3,12,2015,5,10,30,4,CR-WELLS PORT,CR-KLATTENHOFF DR,30.43866944,-97.6763,12,6,2,3,0,1,1,1,1,0
48,2015482903,482903,1,0,1,27,3690,4,12,2015,6,0,36,2,US-190,,31.09106111,-97.7206,23,0,19,1,0,3,2,1,1,0
48,2015482904,482904,1,2,1,85,5390,4,12,2015,6,17,55,6,COIT RD,,33.02976389,-96.7699,8,0,1,1,0,1,3,1,1,0
48,2015482905,482905,1,0,1,223,0,4,12,2015,6,0,0,8,FM 1536,,33.32401944,-95.5807,1,0,1,1,0,4,2,1,1,1
48,2015482906,482906,1,1,1,339,0,4,12,2015,6,18,0,4,CR-COUNTRY WEST DR,,30.23253056,-95.2988,8,0,1,1,0,1,2,1,1,0
48,2015482907,482907,2,0,2,423,0,4,12,2015,6,6,14,4,CR-26,,32.35011944,-95.1327,12,2,1,1,0,1,4,1,1,0
48,2015482908,482908,2,0,3,423,0,4,12,2015,6,14,6,8,FM 2868,CR-178,32.20248056,-95.3762,12,6,2,2,0,1,1,1,1,0
48,2015482909,482909,1,1,3,505,7660,4,12,2015,6,14,30,6,VILLA AVE,,26.91893889,-99.2638,8,0,8,1,0,1,1,1,1,0
48,2015482910,482910,2,0,7,27,6810,5,12,2015,7,18,35,3,SR-317,,31.09940278,-97.4522,11,0,1,1,0,1,3,1,1,0
48,2015482911,482911,2,0,4,29,6090,5,12,2015,7,21,29,8,SL 13/MILITARY DR,,29.35109444,-98.4635,12,6,1,1,0,1,2,1,2,0
48,2015482912,482912,1,0,1,201,0,5,12,2015,7,5,40,4,CR-SJOLANDER RD,,29.78716111,-94.9387,53,0,1,1,0,4,2,1,1,1
48,2015482913,482913,3,1,1,201,480,5,12,2015,7,10,15,6,CHASE RD,,29.8079,-94.9845,8,0,1,1,0,1,1,1,1,0
48,2015482914,482914,1,1,1,201,3280,5,12,2015,7,0,8,1,I-45/GULF FWY,,29.628525,-95.2299,8,0,1,1,0,1,3,1,1,0
48,2015482915,482915,2,0,6,361,7200,5,12,2015,7,14,15,3,SR-12,LINSCOMB RD,30.16379167,-93.9512,12,2,3,2,0,1,1,1,1,0
48,2015482916,482916,2,0,4,423,7443,5,12,2015,7,19,20,4,CR-2171,,32.22186111,-95.2291,12,6,8,1,0,1,2,1,1,0
48,2015482917,482917,1,0,5,481,0,5,12,2015,7,22,2,8,FM 3012,,29.29196111,-96.0449,32,0,1,1,0,4,2,10,2,1
48,2015482918,482918,2,0,2,29,6090,6,12,2015,1,14,30,8,SL 1604,,29.56723611,-98.6532,12,2,1,1,0,1,1,1,1,0
48,2015482919,482919,1,0,1,29,6090,6,12,2015,1,17,0,8,SL 1604,,29.60289167,-98.3645,21,0,1,1,0,4,1,1,1,0
48,2015482920,482920,1,0,1,29,6090,6,12,2015,1,20,49,7,SR-151,,29.42532778,-98.5961,34,0,1,1,0,4,3,1,1,1
48,2015482922,482922,1,0,1,201,0,6,12,2015,1,21,39,8,FM529 FREEMAN RD,,29.874625,-95.8419,1,0,1,1,0,4,2,1,1,1
48,2015482923,482923,2,0,2,201,3280,6,12,2015,1,5,45,2,US-59 SOUTHWEST FWY,,29.73070278,-95.4113,12,1,1,1,0,1,3,1,1,1
48,2015482924,482924,1,1,1,201,3280,6,12,2015,1,18,40,6,SAGE RD,,29.73599167,-95.4668,8,0,1,1,0,1,3,1,1,0
48,2015482925,482925,2,0,4,255,0,6,12,2015,1,19,20,3,SR-72 LAREDO,SR-239,28.81873889,-97.8175,12,6,2,4,0,1,2,1,1,0
48,2015482926,482926,1,1,4,309,7210,6,12,2015,1,20,36,1,I-35 JACK KULTGEN EXPY,,31.51234167,-97.1403,8,0,1,1,0,1,3,1,1,0
48,2015482927,482927,1,0,3,439,4965,6,12,2015,1,2,27,1,I-820 RAMP,MEADOW LAKES DR,32.84068333,-97.2514,23,0,3,3,0,4,3,1,3,0